,ID,IMG,IMG_TO_PXL_AR,CATEGORY,CODE
0,0,00217502-ea18-4ac0-aae1-6e77c1a63438.jpg,[[255 255 255 ... 255 255 255]],grid_list,9
1,1,004ac1a3-3949-48c2-8ead-f25aa0dd4e1c.jpg,[[255 255 255 ... 255 255 255]],grid_list,9
2,2,0079b5ba-d80a-4742-8f09-a562dc1787ea.jpg,[[255 255 255 ... 255 255 255]],grid_list,9
3,3,012ab482-e4e3-4ef6-84a2-4ad86be0e468.jpg,[[255 255 255 ... 255 255 255]],grid_list,9
4,4,01e035f5-2316-4e43-a3f3-2bc44b260991.jpg,[[255 255 255 ... 255 255 255]],grid_list,9
5,5,0218c3d2-edf4-4e8c-861c-466f32876a12.jpg,[[255 255 255 ... 255 255 255]],grid_list,9
6,6,021bfc00-b2e2-4e20-9d63-8e407e9dc8db.jpg,[[255 255 255 ... 255 255 255]],grid_list,9
7,7,029aa3ea-8321-4c3d-b411-eff839c426af.jpg,[[255 255 255 ... 255 255 255]],grid_list,9
8,8,02d7bd03-b744-4d6e-8b44-f805467d6a60.jpg,[[255 255 255 ... 255 255 255]],grid_list,9
9,9,04127616-753f-4232-afa0-fc66f21dba1c.jpg,[[255 255 255 ... 255 255 255]],grid_list,9
10,10,058c3a33-0925-43a2-b18a-541b76687bc9.jpg,[[255 255 255 ... 255 255 255]],grid_list,9
11,11,05922189-c10b-45bb-aa66-c9d5ea5cc132.jpg,[[255 255 255 ... 255 255 255]],grid_list,9
12,12,0688bf7c-f5fd-41fd-b104-a689166f1567.jpg,[[255 255 255 ... 255 255 255]],grid_list,9
13,13,068f3776-3a85-4ea2-8c8e-3608089b3c2a.jpg,[[255 255 255 ... 255 255 255]],grid_list,9
14,14,072bf0a5-4bd8-4081-9f6e-01c6d7333084.jpg,[[255 255 255 ... 255 255 255]],grid_list,9
15,15,07eb4273-1a91-461a-ae8c-113c82574730.jpg,[[255 255 255 ... 255 255 255]],grid_list,9
16,16,07fa9697-5095-49dc-a502-c8bc7b5cca66.jpg,[[255 255 255 ... 255 255 255]],grid_list,9
17,17,08748e20-a66f-4718-b34d-5e034d200e3b.jpg,[[255 255 255 ... 255 255 255]],grid_list,9
18,18,08e95019-b524-4e72-9002-3e4db8aa24d1.jpg,[[255 255 255 ... 255 255 255]],grid_list,9
19,19,091dcd0d-aa19-4f99-bf55-84166210b574.jpg,[[255 255 255 ... 255 255 255]],grid_list,9
20,20,09232059-8b97-4927-a9bc-d1d2c0f1ec44.jpg,[[255 255 255 ... 255 255 255]],grid_list,9
21,21,0977906e-40bc-48f9-8bcf-06783bbff89e.jpg,[[255 255 255 ... 255 255 255]],grid_list,9
22,22,09e471de-3197-40b2-99b1-5771c6e8bfae.jpg,[[255 255 255 ... 255 255 255]],grid_list,9
23,23,09fe4206-bbc7-4cfe-bd66-40448ecd7a49.jpg,[[255 255 255 ... 255 255 255]],grid_list,9
24,24,0a40cb90-c5fd-45be-84cb-472702f6e67e.jpg,[[255 255 255 ... 255 255 255]],grid_list,9
25,25,0ad821f5-dff6-4235-829b-9a903efa5add.jpg,[[255 255 255 ... 255 255 255]],grid_list,9
26,26,0c1ce113-82c0-4831-8f84-47f775028d25.jpg,[[255 255 255 ... 255 255 255]],grid_list,9
27,27,0cdfc507-a594-4164-b2b0-3f7bacbe37cb.jpg,[[255 255 255 ... 255 255 255]],grid_list,9
28,28,0d69dfbd-82a1-4c77-9f09-18bb5dd84bb0.jpg,[[255 255 255 ... 255 255 255]],grid_list,9
29,29,0ded4df8-c775-4c2c-847b-68e5ff2c01b0.jpg,[[255 255 255 ... 255 255 255]],grid_list,9
30,30,0e72747a-5987-41a1-a6ab-aca589395301.jpg,[[255 255 255 ... 255 255 255]],grid_list,9
31,31,0e7c4ffb-a573-4852-9b44-0475b31c6fee.jpg,[[255 255 255 ... 255 255 255]],grid_list,9
32,32,0fe57c31-bcf9-47ba-bbad-2388859ba138.jpg,[[255 255 255 ... 255 255 255]],grid_list,9
33,33,104dd01d-c37d-4704-81f5-d5f1fb977577.jpg,[[255 255 255 ... 255 255 255]],grid_list,9
34,34,1052e23e-a3ee-45e5-ab4f-8681fba0aff9.jpg,[[255 255 255 ... 255 255 255]],grid_list,9
35,35,107421da-dd5c-4191-9c38-5c01402678a5.jpg,[[255 255 255 ... 255 255 255]],grid_list,9
36,36,10d01c6f-c83f-46fb-83e1-febcb52dbf92.jpg,[[255 255 255 ... 255 255 255]],grid_list,9
37,37,112c5607-1e7d-47ae-8c0e-764afe583bbd.jpg,[[255 255 255 ... 255 255 255]],grid_list,9
38,38,117e9e22-d73a-4568-9210-c50b3097fecd.jpg,[[255 255 255 ... 255 255 255]],grid_list,9
39,39,119df5d9-f29a-4ac8-88e7-6d6a65801cfe.jpg,[[255 255 255 ... 255 255 255]],grid_list,9
40,40,11a85e57-0990-4605-b8eb-a1b75a70e17f.jpg,[[255 255 255 ... 255 255 255]],grid_list,9
41,41,11cad483-9086-48d8-bb1b-f1084ab5873f.jpg,[[255 255 255 ... 255 255 255]],grid_list,9
42,42,12711a68-1f59-4c63-a596-bee38ee6dd54.jpg,[[255 255 255 ... 255 255 255]],grid_list,9
43,43,12d90343-429e-4634-af7e-b8058036f945.jpg,[[255 255 255 ... 255 255 255]],grid_list,9
44,44,130cea49-99b5-43bc-9324-ff67278b7967.jpg,[[255 255 255 ... 255 255 255]],grid_list,9
45,45,1408ef32-e9d8-4b20-abae-613b3713b6d4.jpg,[[255 255 255 ... 255 255 255]],grid_list,9
46,46,149cc1d7-874f-4ced-b4c1-bd4809b85504.jpg,[[255 255 255 ... 255 255 255]],grid_list,9
47,47,15097e3b-e7ab-4c8d-8aff-d54549a0844a.jpg,[[255 255 255 ... 255 255 255]],grid_list,9
48,48,153226b2-cba9-470a-9037-e8ffa9b28a7d.jpg,[[255 255 255 ... 255 255 255]],grid_list,9
49,49,154d79fb-72c2-47bf-be4c-d0a60860ed77.jpg,[[255 255 255 ... 255 255 255]],grid_list,9
50,50,15d519a9-1ed6-4529-9af3-ff22b601adb2.jpg,[[255 255 255 ... 255 255 255]],grid_list,9
51,51,15f89b6a-3408-42c6-8cf8-1a6cae5c080f.jpg,[[255 255 255 ... 255 255 255]],grid_list,9
52,52,17e40b19-3ddd-48dc-9cf8-3892f0f6ba0a.jpg,[[255 255 255 ... 255 255 255]],grid_list,9
53,53,17f1691e-8060-4ebe-b1a0-e8d8540582d3.jpg,[[255 255 255 ... 255 255 255]],grid_list,9
54,54,181d5a52-e528-4b59-ace8-b8f04ad21f91.jpg,[[255 255 255 ... 255 255 255]],grid_list,9
55,55,18292e66-2834-42e8-9b4e-68eee1e4a3c5.jpg,[[255 255 255 ... 255 255 255]],grid_list,9
56,56,1843826a-b19e-4277-96f6-bf2b317d95a4.jpg,[[255 255 255 ... 255 255 255]],grid_list,9
57,57,18499c07-700c-441d-bcf9-0a97b75eeee4.jpg,[[255 255 255 ... 255 255 255]],grid_list,9
58,58,18d79d56-eb01-4750-8541-7bbf6b0a345e.jpg,[[255 255 255 ... 255 255 255]],grid_list,9
59,59,18eb2ace-4075-4edf-8162-4efc8e89af4f.jpg,[[255 255 255 ... 255 255 255]],grid_list,9
60,60,1919aa50-9e98-4d4d-9ec8-4ab3034f7d7f.jpg,[[255 255 255 ... 255 255 255]],grid_list,9
61,61,1970d3e7-96dd-4be3-bdc1-98660006a3fe.jpg,[[255 255 255 ... 255 255 255]],grid_list,9
62,62,1a15888e-1674-4c6f-a314-3a24fca85428.jpg,[[255 255 255 ... 255 255 255]],grid_list,9
63,63,1a3af172-d60d-4eb4-9148-41ab188d33d1.jpg,[[255 255 255 ... 255 255 255]],grid_list,9
64,64,1a8e1135-6f8e-4cec-9c6f-6bbbd668fa22.jpg,[[255 255 255 ... 255 255 255]],grid_list,9
65,65,1af2c29e-67c9-4290-ad66-0db60bf0def3.jpg,[[255 255 255 ... 255 255 255]],grid_list,9
66,66,1b813a4c-37cd-4629-919d-a9cfe3c268cb.jpg,[[255 255 255 ... 255 255 255]],grid_list,9
67,67,1baf0954-1172-43e1-9764-a9f134217f80.jpg,[[255 255 255 ... 255 255 255]],grid_list,9
68,68,1bf6e968-341b-453d-be72-dec22093fac3.jpg,[[255 255 255 ... 255 255 255]],grid_list,9
69,69,1c29acb6-56a0-49cc-90ec-8b10ddf60241.jpg,[[255 255 255 ... 255 255 255]],grid_list,9
70,70,1c9ce621-5b9b-445d-9951-46a1b3122ce9.jpg,[[255 255 255 ... 255 255 255]],grid_list,9
71,71,1e3c7be6-b730-4f84-9be3-ff39e9e9600c.jpg,[[255 255 255 ... 255 255 255]],grid_list,9
72,72,1e5e9fc4-556d-41f2-8105-fc4395894201.jpg,[[255 255 255 ... 255 255 255]],grid_list,9
73,73,1ee1f6cf-a15b-4735-b823-feba2f73a3ec.jpg,[[255 255 255 ... 255 255 255]],grid_list,9
74,74,1f0fe20f-a7ce-43fe-98fb-a245548ec058.jpg,[[255 255 255 ... 255 255 255]],grid_list,9
75,75,1f18c876-bab9-4f4a-8bf8-bff7bce6dd1f.jpg,[[255 255 255 ... 255 255 255]],grid_list,9
76,76,1f57a3a6-85cf-4e67-bc07-50c252ddfde1.jpg,[[255 255 255 ... 255 255 255]],grid_list,9
77,77,1fa1c3cd-4d54-46e8-baba-b3cb1a3e9164.jpg,[[255 255 255 ... 255 255 255]],grid_list,9
78,78,1faa0aa2-f948-4822-a324-13c246a007e1.jpg,[[255 255 255 ... 255 255 255]],grid_list,9
79,79,20470964-4a05-48fa-a206-c39953659212.jpg,[[255 255 255 ... 255 255 255]],grid_list,9
80,80,2194584a-93e5-4991-adbd-08c2b59a79bf.jpg,[[255 255 255 ... 255 255 255]],grid_list,9
81,81,21ae9bea-82bd-4af3-a2a7-5571bcbbcc0a.jpg,[[255 255 255 ... 255 255 255]],grid_list,9
82,82,21b34e38-4681-4d06-9109-296ad97f9dfe.jpg,[[255 255 255 ... 255 255 255]],grid_list,9
83,83,221d1a1c-8ac1-4d20-9777-9ee6a59e64ef.jpg,[[255 255 255 ... 255 255 255]],grid_list,9
84,84,228453e2-c43c-40a6-8599-0138754a29f7.jpg,[[255 255 255 ... 255 255 255]],grid_list,9
85,85,22980292-f66d-48ae-9ce0-418c06296330.jpg,[[255 255 255 ... 255 255 255]],grid_list,9
86,86,23ac1f13-ee51-4fdc-9a40-8ee6397e0d17.jpg,[[255 255 255 ... 255 255 255]],grid_list,9
87,87,23ca8065-ef96-439b-8831-2967ea579c47.jpg,[[255 255 255 ... 255 255 255]],grid_list,9
88,88,24407945-83a0-414a-8b02-ea0ebef45f2f.jpg,[[255 255 255 ... 255 255 255]],grid_list,9
89,89,248adf98-5cac-419d-8504-edf4e45e7345.jpg,[[255 255 255 ... 255 255 255]],grid_list,9
90,90,251c3f1d-931c-4afd-b6f0-e9644be696bc.jpg,[[255 255 255 ... 255 255 255]],grid_list,9
91,91,25635c9e-4cff-4c0b-b2f7-4169442ede4e.jpg,[[255 255 255 ... 255 255 255]],grid_list,9
92,92,2593867e-9ffd-41cd-9ca9-4f0b3d671f56.jpg,[[255 255 255 ... 255 255 255]],grid_list,9
93,93,25e50594-89cf-4958-a2e5-18385a5ac9d8.jpg,[[255 255 255 ... 255 255 255]],grid_list,9
94,94,25f5a340-3092-4aa4-9054-f53dff606d2f.jpg,[[255 255 255 ... 255 255 255]],grid_list,9
95,95,26b68b9e-ac59-4a96-862a-31c6e4178625.jpg,[[255 255 255 ... 255 255 255]],grid_list,9
96,96,275c01dd-0eb2-4184-886b-65a35a7f6d43.jpg,[[255 255 255 ... 255 255 255]],grid_list,9
97,97,278ad8e5-192a-48aa-b53e-fbba6adb29db.jpg,[[255 255 255 ... 255 255 255]],grid_list,9
98,98,28415bfb-34e8-4223-9415-19ac134a8c67.jpg,[[255 255 255 ... 255 255 255]],grid_list,9
99,99,284d0b41-31c7-48bb-bb1c-d5b79edb168f.jpg,[[255 255 255 ... 255 255 255]],grid_list,9
100,100,28ede245-b243-4964-89cf-db27c102846c.jpg,[[255 255 255 ... 255 255 255]],grid_list,9
101,101,2956b08c-a984-4c6e-8411-50550e284cc2.jpg,[[255 255 255 ... 255 255 255]],grid_list,9
102,102,2976e908-9889-4178-9eaa-4d6a0d5d934b.jpg,[[255 255 255 ... 255 255 255]],grid_list,9
103,103,29fb07f8-f64d-481d-85aa-33b2c341e6c3.jpg,[[255 255 255 ... 255 255 255]],grid_list,9
104,104,2a114247-b32d-463d-9ba3-fa0764d6641a.jpg,[[255 255 255 ... 255 255 255]],grid_list,9
105,105,2a781ec8-4637-4c4c-a907-52675ed91e49.jpg,[[255 255 255 ... 255 255 255]],grid_list,9
106,106,2b84fc6b-b7ad-4836-b484-461de4ce5ccf.jpg,[[255 255 255 ... 255 255 255]],grid_list,9
107,107,2bb321c6-244a-428b-b716-1c35973acb45.jpg,[[255 255 255 ... 255 255 255]],grid_list,9
108,108,2bd930c6-4306-48a3-93d1-e925692b41b6.jpg,[[255 255 255 ... 255 255 255]],grid_list,9
109,109,2bfb1616-8190-4568-854d-a818ecc7cd92.jpg,[[255 255 255 ... 255 255 255]],grid_list,9
110,110,2c726d8f-fd28-43b5-b620-6a69ac4ae4dc.jpg,[[255 255 255 ... 255 255 255]],grid_list,9
111,111,2d185fab-64b8-47b3-8f40-e2d7dbca3509.jpg,[[255 255 255 ... 255 255 255]],grid_list,9
112,112,2d461494-daa1-42da-8332-f1ed08b76a93.jpg,[[255 255 255 ... 255 255 255]],grid_list,9
113,113,2d705c5c-1ac0-49f5-9f98-87ccc3e738ad.jpg,[[255 255 255 ... 255 255 255]],grid_list,9
114,114,2d9fd118-261b-4e00-8832-d007ff857a94.jpg,[[255 255 255 ... 255 255 255]],grid_list,9
115,115,2dce439a-c6cc-4f28-85be-6b89e4bf90fb.jpg,[[255 255 255 ... 255 255 255]],grid_list,9
116,116,2e2befe9-3d38-4545-b65e-83f1e61d2026.jpg,[[255 255 255 ... 255 255 255]],grid_list,9
117,117,2f3ed289-8f06-4841-a089-9e016d4adf7d.jpg,[[255 255 255 ... 255 255 255]],grid_list,9
118,118,2fa7d64d-e0cb-403e-b2bb-edd420088435.jpg,[[255 255 255 ... 255 255 255]],grid_list,9
119,119,30a34241-e922-4e34-953f-5bc112db44f9.jpg,[[255 255 255 ... 255 255 255]],grid_list,9
120,120,30dcc3cc-cb23-49b3-b4f1-6f000c3b6554.jpg,[[255 255 255 ... 255 255 255]],grid_list,9
121,121,31c19038-1026-4581-b5f1-75255b229bd9.jpg,[[255 255 255 ... 255 255 255]],grid_list,9
122,122,32bce175-3654-4e6a-8f3e-30a8aef55743.jpg,[[255 255 255 ... 255 255 255]],grid_list,9
123,123,32c05b16-5f36-4e62-95e9-d363a35e78b5.jpg,[[255 255 255 ... 255 255 255]],grid_list,9
124,124,32c8f897-dbc3-4fc9-be58-0f0d74065f4e.jpg,[[255 255 255 ... 255 255 255]],grid_list,9
125,125,33519b84-8e4b-445d-b4b3-7862d9ed3468.jpg,[[255 255 255 ... 255 255 255]],grid_list,9
126,126,33a6d5b0-6a7b-44f9-89f6-134ffead8976.jpg,[[255 255 255 ... 255 255 255]],grid_list,9
127,127,33b79e9f-7877-4151-9cee-9f4e09420d88.jpg,[[255 255 255 ... 255 255 255]],grid_list,9
128,128,33ff6933-198f-49d0-a94c-8ea347607e07.jpg,[[255 255 255 ... 255 255 255]],grid_list,9
129,129,3428f2a2-e017-433f-859f-c5e6501703e2.jpg,[[255 255 255 ... 255 255 255]],grid_list,9
130,130,3440253f-ef60-48d0-beac-58880b9fec45.jpg,[[255 255 255 ... 255 255 255]],grid_list,9
131,131,34b2369e-0110-40de-b932-6fc46d230e88.jpg,[[255 255 255 ... 255 255 255]],grid_list,9
132,132,34ee09a7-aa61-4b6a-8e9e-099f9108efc1.jpg,[[255 255 255 ... 255 255 255]],grid_list,9
133,133,35034120-335f-43d6-af95-429737515088.jpg,[[255 255 255 ... 255 255 255]],grid_list,9
134,134,351f2a62-bb4e-48dc-a930-c98b23e18521.jpg,[[255 255 255 ... 255 255 255]],grid_list,9
135,135,35986c13-46cc-47bb-b7c9-11361beed4b4.jpg,[[255 255 255 ... 255 255 255]],grid_list,9
136,136,35d65268-63a1-4ec2-8064-82f67ea3fce7.jpg,[[255 255 255 ... 255 255 255]],grid_list,9
137,137,363fbbd0-abe2-4fc0-b45e-ac6dc7a20efd.jpg,[[255 255 255 ... 255 255 255]],grid_list,9
138,138,3674aac8-cc4a-4f1f-8077-b6f595eb15ad.jpg,[[255 255 255 ... 255 255 255]],grid_list,9
139,139,36d07fa8-e494-47e0-bd1f-3425f35545c2.jpg,[[255 255 255 ... 255 255 255]],grid_list,9
140,140,36dabd76-d6b0-4627-acf1-d6650612df0a.jpg,[[255 255 255 ... 255 255 255]],grid_list,9
141,141,3763a987-7ce2-48fc-a9d4-c8ec5cfd22b9.jpg,[[255 255 255 ... 255 255 255]],grid_list,9
142,142,37855318-08cf-4f7c-b4fa-ff1abe6cf535.jpg,[[255 255 255 ... 255 255 255]],grid_list,9
143,143,37aa6038-5f46-4238-9d5d-08b49cae6e6b.jpg,[[255 255 255 ... 255 255 255]],grid_list,9
144,144,37c0695e-6828-4b2a-a135-d79f238b1da5.jpg,[[255 255 255 ... 255 255 255]],grid_list,9
145,145,37c876fe-d680-46a9-a930-ababad0abdad.jpg,[[255 255 255 ... 255 255 255]],grid_list,9
146,146,37e8dc22-0c73-4af2-ad59-8fbc2200227c.jpg,[[255 255 255 ... 255 255 255]],grid_list,9
147,147,38de7e94-ce5f-4efc-a4ae-812f6a2fd139.jpg,[[255 255 255 ... 255 255 255]],grid_list,9
148,148,396bde20-63f0-4fd1-8844-3bf222c78f4c.jpg,[[255 255 255 ... 255 255 255]],grid_list,9
149,149,397b731e-8a83-4385-b5be-1cc0c4d6ed2f.jpg,[[255 255 255 ... 255 255 255]],grid_list,9
150,150,3a3ac9ca-46bc-4714-9361-3b0d662e3793.jpg,[[255 255 255 ... 255 255 255]],grid_list,9
151,151,3b274f84-874a-4493-acd9-5eb133dbe7a5.jpg,[[255 255 255 ... 255 255 255]],grid_list,9
152,152,3baad969-5883-4bc8-857f-cac7408c9a8c.jpg,[[255 255 255 ... 255 255 255]],grid_list,9
153,153,3c609ea9-064d-4ece-a088-3d39e65f6816.jpg,[[255 255 255 ... 255 255 255]],grid_list,9
154,154,3cb62e41-5d0c-4b95-821c-77b73cc6485e.jpg,[[255 255 255 ... 255 255 255]],grid_list,9
155,155,3cfc6975-24a6-4bb8-862f-6196100f1ed6.jpg,[[255 255 255 ... 255 255 255]],grid_list,9
156,156,3dde0ee4-3552-4263-ade7-a5f6e4856a97.jpg,[[255 255 255 ... 255 255 255]],grid_list,9
157,157,3e4f7aec-89db-4bb3-ad75-3beb804095a1.jpg,[[255 255 255 ... 255 255 255]],grid_list,9
158,158,3f03e9aa-b65b-4b2b-8efe-eabd4c1e173a.jpg,[[255 255 255 ... 255 255 255]],grid_list,9
159,159,3f6e89fc-1ddf-4500-9c30-4aba6f2d02f9.jpg,[[255 255 255 ... 255 255 255]],grid_list,9
160,160,3f7908cb-75ab-40aa-a1d1-20dc6edabe94.jpg,[[255 255 255 ... 255 255 255]],grid_list,9
161,161,3f9feb81-2378-4bb1-a52e-865e74b3da4b.jpg,[[255 255 255 ... 255 255 255]],grid_list,9
162,162,403a95e9-c005-4141-89b2-b3692247dff8.jpg,[[255 255 255 ... 255 255 255]],grid_list,9
163,163,40d59f74-5dba-42ab-aa09-9c8da074ae3b.jpg,[[255 255 255 ... 255 255 255]],grid_list,9
164,164,41d0351f-f9c6-413b-9f05-8b5409d36a22.jpg,[[255 255 255 ... 255 255 255]],grid_list,9
165,165,4231698e-09fa-41d8-a3c3-c28a18cbdba1.jpg,[[255 255 255 ... 255 255 255]],grid_list,9
166,166,423959e9-5132-4284-9ab1-daf841ee0cf6.jpg,[[255 255 255 ... 255 255 255]],grid_list,9
167,167,42eab411-7334-4461-8880-ede2a450a01d.jpg,[[255 255 255 ... 255 255 255]],grid_list,9
168,168,43528687-6224-4d27-87b2-fffb45b2b665.jpg,[[255 255 255 ... 255 255 255]],grid_list,9
169,169,44139fff-116d-4b80-a56d-4a5fffe5a457.jpg,[[255 255 255 ... 255 255 255]],grid_list,9
170,170,442828fe-d88d-482d-b3fc-d6d6e425e459.jpg,[[255 255 255 ... 255 255 255]],grid_list,9
171,171,4451b947-191b-43cc-8797-cc9ad3d8dd2d.jpg,[[255 255 255 ... 255 255 255]],grid_list,9
172,172,446ced48-45ae-4a82-91c4-e6e987f358fe.jpg,[[255 255 255 ... 255 255 255]],grid_list,9
173,173,4490615c-0f3b-46d6-871f-9edd14c1909e.jpg,[[255 255 255 ... 255 255 255]],grid_list,9
174,174,44eba856-c130-4e10-9f68-b8139da63f9d.jpg,[[255 255 255 ... 255 255 255]],grid_list,9
175,175,4591d2d0-1c40-4826-957c-ab1c6140b646.jpg,[[255 255 255 ... 255 255 255]],grid_list,9
176,176,45a2a0fd-dc02-420b-89ad-1aaf577123a4.jpg,[[255 255 255 ... 255 255 255]],grid_list,9
177,177,45ad5551-1af0-466f-9d70-a9c04c8c2c8b.jpg,[[255 255 255 ... 255 255 255]],grid_list,9
178,178,4669bd01-03ab-44e0-a960-9bb392e309c4.jpg,[[255 255 255 ... 255 255 255]],grid_list,9
179,179,46c85bfb-e329-4365-9316-a0432408ea9b.jpg,[[255 255 255 ... 255 255 255]],grid_list,9
180,180,488790bd-e8f4-4a81-90c4-cf360d56bc32.jpg,[[255 255 255 ... 255 255 255]],grid_list,9
181,181,48a012a1-77d7-47f2-8023-25b63735dc01.jpg,[[255 255 255 ... 255 255 255]],grid_list,9
182,182,49035b0d-1d8c-4e5c-86f0-c7bf94e5ef0e.jpg,[[255 255 255 ... 255 255 255]],grid_list,9
183,183,491c38d7-70b6-49f5-85c9-1fa0e16a3ddf.jpg,[[255 255 255 ... 255 255 255]],grid_list,9
184,184,4971b704-4b99-4e62-bdf5-3a420decc509.jpg,[[255 255 255 ... 255 255 255]],grid_list,9
185,185,49927cd4-6471-450b-aa27-37f1dab7d263.jpg,[[255 255 255 ... 255 255 255]],grid_list,9
186,186,4a05754e-f8a9-42eb-9332-ff1af106c5ce.jpg,[[255 255 255 ... 255 255 255]],grid_list,9
187,187,4a39709f-efa8-4aa4-90b0-ef9bf77c0e81.jpg,[[255 255 255 ... 255 255 255]],grid_list,9
188,188,4a7579e4-899f-4ed3-bdef-effda92ea217.jpg,[[255 255 255 ... 255 255 255]],grid_list,9
189,189,4a870657-0d14-4a09-9daa-2e2f86a15183.jpg,[[255 255 255 ... 255 255 255]],grid_list,9
190,190,4c2f60f0-deb3-48d9-a644-fc49959feae3.jpg,[[255 255 255 ... 255 255 255]],grid_list,9
191,191,4c674c91-a4b7-4b03-8b71-cbfda7d4e389.jpg,[[255 255 255 ... 255 255 255]],grid_list,9
192,192,4cd4f9a5-4354-42e1-b381-d7035b668abd.jpg,[[255 255 255 ... 255 255 255]],grid_list,9
193,193,4ce95f93-aa4c-470d-8556-c3a8af24697d.jpg,[[255 255 255 ... 255 255 255]],grid_list,9
194,194,4d5c4954-1bd5-4a84-9250-50a8d8579610.jpg,[[255 255 255 ... 255 255 255]],grid_list,9
195,195,4d601d97-aced-4126-a84c-f3506d65b7ab.jpg,[[255 255 255 ... 255 255 255]],grid_list,9
196,196,4dc24af0-6227-402b-a780-0c54154ca640.jpg,[[255 255 255 ... 255 255 255]],grid_list,9
197,197,4e345947-f405-4c7f-8fb1-17f50c7c5617.jpg,[[255 255 255 ... 255 255 255]],grid_list,9
198,198,4e90e110-a2cb-4b62-b576-72ee077886ba.jpg,[[255 255 255 ... 255 255 255]],grid_list,9
199,199,4ee5f900-9678-4948-8c61-ad543e727b98.jpg,[[255 255 255 ... 255 255 255]],grid_list,9
200,200,4f425945-e1a3-40ee-bdb6-50239640da57.jpg,[[255 255 255 ... 255 255 255]],grid_list,9
201,201,4f4caadd-6ab2-4f80-b96c-a5740be53985.jpg,[[255 255 255 ... 255 255 255]],grid_list,9
202,202,4feda3d6-62ea-4dac-aaba-47aa2b3aa4fa.jpg,[[255 255 255 ... 255 255 255]],grid_list,9
203,203,506ef84a-fd2b-44b8-8cc5-cc59a2c543c3.jpg,[[255 255 255 ... 255 255 255]],grid_list,9
204,204,50bdf561-3a7e-4399-b960-b0762411bcfe.jpg,[[255 255 255 ... 255 255 255]],grid_list,9
205,205,50bfc80f-74fb-44bf-af3a-002e6a609149.jpg,[[255 255 255 ... 255 255 255]],grid_list,9
206,206,50c26dbc-7ab9-4897-bc18-4c8aeefeb77f.jpg,[[255 255 255 ... 255 255 255]],grid_list,9
207,207,5134b711-cad0-42db-85d1-3a0ee932242e.jpg,[[255 255 255 ... 255 255 255]],grid_list,9
208,208,514e6692-1220-4ae4-95dd-c5087326610e.jpg,[[255 255 255 ... 255 255 255]],grid_list,9
209,209,5161f31d-438a-40bf-aeb2-e598c56ca35a.jpg,[[255 255 255 ... 255 255 255]],grid_list,9
210,210,52e3d1e3-75bf-4970-9740-f2bd4bc0a49e.jpg,[[255 255 255 ... 255 255 255]],grid_list,9
211,211,534b933c-0b23-4e8a-b028-5ba6ddb48729.jpg,[[255 255 255 ... 255 255 255]],grid_list,9
212,212,53fa5ec8-7ba9-4473-b1f4-d0c93d6fa5e4.jpg,[[255 255 255 ... 255 255 255]],grid_list,9
213,213,542eacf6-ba20-4f9a-905b-616781a0adf4.jpg,[[255 255 255 ... 255 255 255]],grid_list,9
214,214,5441e57c-addc-4181-8829-b1034e9b9269.jpg,[[255 255 255 ... 255 255 255]],grid_list,9
215,215,54a6eb48-6766-43a2-89f4-d229567dea67.jpg,[[255 255 255 ... 255 255 255]],grid_list,9
216,216,54c1d984-9978-40d2-8ab3-01317237eab8.jpg,[[255 255 255 ... 255 255 255]],grid_list,9
217,217,55f05352-7bed-4742-a239-8485f0cdb183.jpg,[[255 255 255 ... 255 255 255]],grid_list,9
218,218,561ab099-bc2a-47e8-956c-403c74e5cd57.jpg,[[255 255 255 ... 255 255 255]],grid_list,9
219,219,576c4d6c-3b08-4f44-ba6f-5851347f65a4.jpg,[[255 255 255 ... 255 255 255]],grid_list,9
220,220,58459a1c-a617-4f40-bddc-2c45420a851c.jpg,[[255 255 255 ... 255 255 255]],grid_list,9
221,221,58464bfe-6dd8-466d-b7cc-d86771dad2a8.jpg,[[255 255 255 ... 255 255 255]],grid_list,9
222,222,585c4b09-05ac-4860-8d32-951f3dfb026d.jpg,[[255 255 255 ... 255 255 255]],grid_list,9
223,223,591033ef-2f38-4ec1-858c-a5966f3f671e.jpg,[[255 255 255 ... 255 255 255]],grid_list,9
224,224,59453d78-de1d-4a9b-9e42-93b59f6d984e.jpg,[[255 255 255 ... 255 255 255]],grid_list,9
225,225,5995e873-1b48-4721-9b6b-cf8a153b837a.jpg,[[255 255 255 ... 255 255 255]],grid_list,9
226,226,59f1c5a9-beda-4e92-bbaf-94c4a86f8aa9.jpg,[[255 255 255 ... 255 255 255]],grid_list,9
227,227,5a133295-8c28-4579-b2ee-f0d64f7c3771.jpg,[[255 255 255 ... 255 255 255]],grid_list,9
228,228,5a384e7b-544c-45ed-ac1d-9e2c8d1b3cb3.jpg,[[255 255 255 ... 255 255 255]],grid_list,9
229,229,5b6f8237-7dd4-4996-bdbc-32fe4daba3dd.jpg,[[255 255 255 ... 255 255 255]],grid_list,9
230,230,5bd7b899-7f96-422e-9ef9-f815728ef2cf.jpg,[[255 255 255 ... 255 255 255]],grid_list,9
231,231,5bd9c8c0-f458-4359-8526-341c9d57556a.jpg,[[255 255 255 ... 255 255 255]],grid_list,9
232,232,5d1941ad-1d9c-42d6-87ed-871c786897f2.jpg,[[255 255 255 ... 255 255 255]],grid_list,9
233,233,5d54bac1-c3a6-4cbf-93dc-a29c94c12d02.jpg,[[255 255 255 ... 255 255 255]],grid_list,9
234,234,5d646d92-159e-46a6-9d04-668979e80174.jpg,[[255 255 255 ... 255 255 255]],grid_list,9
235,235,5e6fa959-d7e3-4775-a64f-d65f26120fbb.jpg,[[255 255 255 ... 255 255 255]],grid_list,9
236,236,5f813bd6-5b60-45d3-b668-89d4fcc07df5.jpg,[[255 255 255 ... 255 255 255]],grid_list,9
237,237,605d172b-48f0-4848-a7a0-c2e744fb63c5.jpg,[[255 255 255 ... 255 255 255]],grid_list,9
238,238,60fae0f8-0b7c-4618-a636-2f0fccd6b74e.jpg,[[255 255 255 ... 255 255 255]],grid_list,9
239,239,6137242d-ee51-4bd3-bad0-4d191ce8b252.jpg,[[255 255 255 ... 255 255 255]],grid_list,9
240,240,613a7b79-ad4b-43f3-b36a-dfab15cd72e9.jpg,[[255 255 255 ... 255 255 255]],grid_list,9
241,241,615a547b-e956-441e-9e0c-2611f58aade3.jpg,[[255 255 255 ... 255 255 255]],grid_list,9
242,242,620b57c4-bfa0-4934-a704-001ff5fb5aec.jpg,[[255 255 255 ... 255 255 255]],grid_list,9
243,243,6244efeb-a674-44ee-a2e1-96997f41a995.jpg,[[255 255 255 ... 255 255 255]],grid_list,9
244,244,62670edd-951d-437f-9646-6cf294b6b3f3.jpg,[[255 255 255 ... 255 255 255]],grid_list,9
245,245,6269bd3c-9b66-4ae9-8361-86bc0dc0b62a.jpg,[[255 255 255 ... 255 255 255]],grid_list,9
246,246,630dd9e2-f66f-4c5e-81ad-839bf8c110a9.jpg,[[255 255 255 ... 255 255 255]],grid_list,9
247,247,632ea2d6-216a-4a67-b741-32388c9f58aa.jpg,[[255 255 255 ... 255 255 255]],grid_list,9
248,248,6388b0e8-8c95-4812-af3b-ca112cca26e4.jpg,[[255 255 255 ... 255 255 255]],grid_list,9
249,249,63cfafcb-ac03-43a1-9d5e-683904305074.jpg,[[255 255 255 ... 255 255 255]],grid_list,9
250,250,63d47d6f-d922-4914-96a7-e24aed7b5a75.jpg,[[255 255 255 ... 255 255 255]],grid_list,9
251,251,6590e5ca-3063-425d-9232-c886e6f0621b.jpg,[[255 255 255 ... 255 255 255]],grid_list,9
252,252,65c30975-94fa-4e84-abe5-732df478d51d.jpg,[[255 255 255 ... 255 255 255]],grid_list,9
253,253,65cbe03d-2ad0-47ad-970a-0c93a495bf32.jpg,[[255 255 255 ... 255 255 255]],grid_list,9
254,254,6648c233-a41d-4dba-9f37-bbe9a82a02eb.jpg,[[255 255 255 ... 255 255 255]],grid_list,9
255,255,66a3fec5-6305-48ca-aa2a-3cb78da5e37d.jpg,[[255 255 255 ... 255 255 255]],grid_list,9
256,256,673e1e6d-fd05-497a-8695-2c9747b184c7.jpg,[[255 255 255 ... 255 255 255]],grid_list,9
257,257,67a7e542-f22b-4375-b72f-f2c958ae4749.jpg,[[255 255 255 ... 255 255 255]],grid_list,9
258,258,67f446e5-b8cb-4e59-a338-9df563cb363d.jpg,[[255 255 255 ... 255 255 255]],grid_list,9
259,259,6825ddff-97a9-4bd5-9e68-eae6ee201f60.jpg,[[255 255 255 ... 255 255 255]],grid_list,9
260,260,6920c999-ac3e-4bb1-95bf-b14c671676bd.jpg,[[255 255 255 ... 255 255 255]],grid_list,9
261,261,69676693-7560-4061-a3ab-24ece197c25f.jpg,[[255 255 255 ... 255 255 255]],grid_list,9
262,262,69929de7-fa83-442b-9d71-910696cc8844.jpg,[[255 255 255 ... 255 255 255]],grid_list,9
263,263,6a2871a7-3172-4ee8-bce2-f462475d355c.jpg,[[255 255 255 ... 255 255 255]],grid_list,9
264,264,6ae5c34b-9980-4376-b5d7-a65ede454b0e.jpg,[[255 255 255 ... 255 255 255]],grid_list,9
265,265,6b613159-b14d-461c-94e6-9f84b4d20aa3.jpg,[[255 255 255 ... 255 255 255]],grid_list,9
266,266,6bbf805f-0aad-4e62-b726-bae09cb5b5c4.jpg,[[255 255 255 ... 255 255 255]],grid_list,9
267,267,6be65bba-018e-4e11-8895-9d0912139cbb.jpg,[[255 255 255 ... 255 255 255]],grid_list,9
268,268,6c2f8b8a-411e-4312-b2e2-b7b405c3189d.jpg,[[255 255 255 ... 255 255 255]],grid_list,9
269,269,6c730c8a-04ca-4721-806b-cd61afa9248d.jpg,[[255 255 255 ... 255 255 255]],grid_list,9
270,270,6c746f52-256a-4691-81e1-90a14e9301d1.jpg,[[255 255 255 ... 255 255 255]],grid_list,9
271,271,6ce4cc0c-cb45-4273-8421-b80c9d20a4a1.jpg,[[255 255 255 ... 255 255 255]],grid_list,9
272,272,6d01ac8b-f3b6-4e6f-9737-43bb1bf9dae3.jpg,[[255 255 255 ... 255 255 255]],grid_list,9
273,273,6e0159a5-8676-4232-84db-4ff142393fb9.jpg,[[255 255 255 ... 255 255 255]],grid_list,9
274,274,6e222545-f366-4254-90a0-c1f23766514e.jpg,[[255 255 255 ... 255 255 255]],grid_list,9
275,275,6e36e958-035d-4d3b-ab95-a022860cac90.jpg,[[255 255 255 ... 255 255 255]],grid_list,9
276,276,6e545db4-ec8d-43e3-a134-99a078fc333f.jpg,[[255 255 255 ... 255 255 255]],grid_list,9
277,277,6e9102a1-bc33-4d84-ae6b-959a3592fd5e.jpg,[[255 255 255 ... 255 255 255]],grid_list,9
278,278,6f8cf2b6-6508-4009-9132-099296b71042.jpg,[[255 255 255 ... 255 255 255]],grid_list,9
279,279,6fe4fd88-dfa4-4971-a4a9-fed5263ade16.jpg,[[255 255 255 ... 255 255 255]],grid_list,9
280,280,70aa7c3d-1f63-4018-9126-08af24f9bc58.jpg,[[255 255 255 ... 255 255 255]],grid_list,9
281,281,713352ae-0ff8-4120-83f0-5abb334e9ad9.jpg,[[255 255 255 ... 255 255 255]],grid_list,9
282,282,71736ab6-c652-413b-8f4c-48dc2adb1040.jpg,[[255 255 255 ... 255 255 255]],grid_list,9
283,283,7211f7fe-efc8-4375-931a-c1c31e91303c.jpg,[[255 255 255 ... 255 255 255]],grid_list,9
284,284,726ccbfb-e6c5-432f-836d-19fef0c67484.jpg,[[255 255 255 ... 255 255 255]],grid_list,9
285,285,7307596c-2653-4da3-a64e-6512fbedb9ee.jpg,[[255 255 255 ... 255 255 255]],grid_list,9
286,286,73148c85-4a99-44f3-8ec0-d28b8612d802.jpg,[[255 255 255 ... 255 255 255]],grid_list,9
287,287,73b0535f-3262-4eff-9c3c-7b27a19a9e90.jpg,[[255 255 255 ... 255 255 255]],grid_list,9
288,288,73c25446-badb-4ffd-b0c9-5c84601761c1.jpg,[[255 255 255 ... 255 255 255]],grid_list,9
289,289,74366521-5ec7-4d0b-884f-653b68205754.jpg,[[255 255 255 ... 255 255 255]],grid_list,9
290,290,74385650-9bba-4164-9c67-08fcb1737e32.jpg,[[255 255 255 ... 255 255 255]],grid_list,9
291,291,7600213c-83b7-4a7d-a7a8-d8ce908971d4.jpg,[[255 255 255 ... 255 255 255]],grid_list,9
292,292,76c2154e-386f-4b8e-b714-029ca32e0181.jpg,[[255 255 255 ... 255 255 255]],grid_list,9
293,293,76e2efeb-0e30-4d0d-9cb5-9560a0fd86e6.jpg,[[255 255 255 ... 255 255 255]],grid_list,9
294,294,76ef11f3-3cd3-4138-b08e-595a7f9cd6f6.jpg,[[255 255 255 ... 255 255 255]],grid_list,9
295,295,770dbfc5-aed2-40c7-ad29-0d7b8eaa129b.jpg,[[255 255 255 ... 255 255 255]],grid_list,9
296,296,7710b28e-e555-4ed2-85a0-ef7096418806.jpg,[[255 255 255 ... 255 255 255]],grid_list,9
297,297,7751a3d7-4617-4729-96f2-8d2eef54b888.jpg,[[255 255 255 ... 255 255 255]],grid_list,9
298,298,786fe2b2-1d60-46e0-a01a-8566913a6eda.jpg,[[255 255 255 ... 255 255 255]],grid_list,9
299,299,78b42050-407c-4d51-91f6-e73de8ae1669.jpg,[[255 255 255 ... 255 255 255]],grid_list,9
300,300,7904ad55-f93e-456a-83ab-a1dc165fe695.jpg,[[255 255 255 ... 255 255 255]],grid_list,9
301,301,79387f0f-e230-4a4e-8699-57c51f36518f.jpg,[[255 255 255 ... 255 255 255]],grid_list,9
302,302,795217f1-a335-4de8-bc4e-5e1f56efed11.jpg,[[255 255 255 ... 255 255 255]],grid_list,9
303,303,79957206-b28b-461d-be54-f4130a209107.jpg,[[255 255 255 ... 255 255 255]],grid_list,9
304,304,7997a900-b1cf-45f1-95c1-c10c4114429a.jpg,[[255 255 255 ... 255 255 255]],grid_list,9
305,305,79be3db2-5259-4f6a-9c0e-c8f005f2a37b.jpg,[[255 255 255 ... 255 255 255]],grid_list,9
306,306,7a4c4759-462f-4586-ae23-c313205d23cd.jpg,[[255 255 255 ... 255 255 255]],grid_list,9
307,307,7ac658eb-69da-487d-82e9-d43ab033741a.jpg,[[255 255 255 ... 255 255 255]],grid_list,9
308,308,7be54fc4-ea3e-41cd-868b-73dfeb660a3e.jpg,[[255 255 255 ... 255 255 255]],grid_list,9
309,309,7ca50377-b4d6-467f-a031-573f0eea8592.jpg,[[255 255 255 ... 255 255 255]],grid_list,9
310,310,7d71382c-42ad-42ef-a48e-6c2e6ad3d427.jpg,[[255 255 255 ... 255 255 255]],grid_list,9
311,311,7dce9063-b919-4419-b134-31fb63505484.jpg,[[255 255 255 ... 255 255 255]],grid_list,9
312,312,7dffbcf9-cc77-49bd-803b-0da477a014f6.jpg,[[255 255 255 ... 255 255 255]],grid_list,9
313,313,7e0c7f5b-cad8-47e3-8b1d-c7c279190deb.jpg,[[255 255 255 ... 255 255 255]],grid_list,9
314,314,7f5ffc1e-121f-48a6-a0ff-9a52134971c9.jpg,[[255 255 255 ... 255 255 255]],grid_list,9
315,315,7fc6a2a2-3efb-458c-94d6-5ce58618a901.jpg,[[255 255 255 ... 255 255 255]],grid_list,9
316,316,8073537f-9cba-4e36-b1a7-f0dcd979ec11.jpg,[[255 255 255 ... 255 255 255]],grid_list,9
317,317,80a8359c-c14d-41e8-9bc6-a9fb1fafe34e.jpg,[[255 255 255 ... 255 255 255]],grid_list,9
318,318,80ac50bc-7df1-4225-aea7-6790195fe778.jpg,[[255 255 255 ... 255 255 255]],grid_list,9
319,319,8119a62c-ac43-4459-b99c-3b59806c55d1.jpg,[[255 255 255 ... 255 255 255]],grid_list,9
320,320,811efe3d-ba36-42a7-b014-951d7ba48370.jpg,[[255 255 255 ... 255 255 255]],grid_list,9
321,321,81893b3a-aa0b-4f9c-8dc2-95532a9b467f.jpg,[[255 255 255 ... 255 255 255]],grid_list,9
322,322,823c8924-e019-461c-8e35-d870a832e4df.jpg,[[255 255 255 ... 255 255 255]],grid_list,9
323,323,8277d141-9dd2-4ba4-a591-faae4f1c1910.jpg,[[255 255 255 ... 255 255 255]],grid_list,9
324,324,831bfb96-320c-42b3-b296-6be5c3f46e19.jpg,[[255 255 255 ... 255 255 255]],grid_list,9
325,325,837c328d-d8ca-4bac-860c-fd3f1d8957c0.jpg,[[255 255 255 ... 255 255 255]],grid_list,9
326,326,8486a4ce-60f5-40eb-9bff-f376f7977c8e.jpg,[[255 255 255 ... 255 255 255]],grid_list,9
327,327,8525f492-f587-45d1-a8e1-3da3a04d2a13.jpg,[[255 255 255 ... 255 255 255]],grid_list,9
328,328,8550ac57-c6a8-4c58-9b4f-f38f584cf30b.jpg,[[255 255 255 ... 255 255 255]],grid_list,9
329,329,85fe3286-b584-4c21-ae0d-ec370dfd11ab.jpg,[[255 255 255 ... 255 255 255]],grid_list,9
330,330,868db15f-0ac5-4df4-9a1b-a8759d1d95f3.jpg,[[255 255 255 ... 255 255 255]],grid_list,9
331,331,86c52359-adc1-4179-94b4-65d41718635c.jpg,[[255 255 255 ... 255 255 255]],grid_list,9
332,332,87d8e038-b4da-4c99-8eed-a11b5f223c4d.jpg,[[255 255 255 ... 255 255 255]],grid_list,9
333,333,8835d437-35b4-4938-bf00-5481cd13aa47.jpg,[[255 255 255 ... 255 255 255]],grid_list,9
334,334,8851e60c-5768-494c-bc76-1385471568ce.jpg,[[255 255 255 ... 255 255 255]],grid_list,9
335,335,89551275-0acd-425b-9729-5937671b0199.jpg,[[255 255 255 ... 255 255 255]],grid_list,9
336,336,8957f82b-6f35-4080-9910-1f407e272cc0.jpg,[[255 255 255 ... 255 255 255]],grid_list,9
337,337,89913b81-90c4-4578-ba0d-21a42a0e0adf.jpg,[[255 255 255 ... 255 255 255]],grid_list,9
338,338,89c09ac1-374d-4c0e-81fc-ac7e81f885f6.jpg,[[255 255 255 ... 255 255 255]],grid_list,9
339,339,89d47e89-78a4-44b8-9f04-684998bdeeb9.jpg,[[255 255 255 ... 255 255 255]],grid_list,9
340,340,89dc9dc5-006a-4bec-ab63-753d7a283622.jpg,[[255 255 255 ... 255 255 255]],grid_list,9
341,341,8a21ce61-596d-4489-b12a-91aa81c4ff8c.jpg,[[255 255 255 ... 255 255 255]],grid_list,9
342,342,8ab11ec3-c037-436e-911c-0d85f001f35c.jpg,[[255 255 255 ... 255 255 255]],grid_list,9
343,343,8ab8c124-fe6c-4740-889e-2bc7daf378ce.jpg,[[255 255 255 ... 255 255 255]],grid_list,9
344,344,8ac7323e-48bb-4fb7-b5d0-09c17a0237a9.jpg,[[255 255 255 ... 255 255 255]],grid_list,9
345,345,8ad11c31-347b-43c1-895e-93b44332ea13.jpg,[[255 255 255 ... 255 255 255]],grid_list,9
346,346,8ad9d42d-9ea3-4c4a-a50d-6e0af67f5246.jpg,[[255 255 255 ... 255 255 255]],grid_list,9
347,347,8b1c5f03-5a2e-416d-b828-19af036f4a7e.jpg,[[255 255 255 ... 255 255 255]],grid_list,9
348,348,8b9e831d-c2f2-4082-a4ba-0003e845e064.jpg,[[255 255 255 ... 255 255 255]],grid_list,9
349,349,8c4d8ed8-53d0-4b91-905c-e2adc697d351.jpg,[[255 255 255 ... 255 255 255]],grid_list,9
350,350,8cb2dbc6-fca1-45e7-8683-34b4fa07bf88.jpg,[[255 255 255 ... 255 255 255]],grid_list,9
351,351,8cee75dd-e9d3-48d7-81df-15872c6bc1f6.jpg,[[255 255 255 ... 255 255 255]],grid_list,9
352,352,8cf3fdc4-7eea-4903-b957-972d405cb2c7.jpg,[[255 255 255 ... 255 255 255]],grid_list,9
353,353,8cffdeaf-edca-4160-94e8-71e93cceeaa7.jpg,[[255 255 255 ... 255 255 255]],grid_list,9
354,354,8e6bdd32-d34b-4ea9-b3c0-04719abf1281.jpg,[[255 255 255 ... 255 255 255]],grid_list,9
355,355,8f320929-ae0d-4c8d-aac3-e9c1dee58bb7.jpg,[[255 255 255 ... 255 255 255]],grid_list,9
356,356,8f3eb5e1-a3df-4ddf-a2b4-1586964e03a7.jpg,[[255 255 255 ... 255 255 255]],grid_list,9
357,357,8f45cdff-287c-4086-baa3-ca4bbaf0028f.jpg,[[255 255 255 ... 255 255 255]],grid_list,9
358,358,8f74c9e2-80fd-4a98-80a2-cc36fdf2c3a9.jpg,[[255 255 255 ... 255 255 255]],grid_list,9
359,359,8fe8ddf3-576a-4649-a352-28aca8d433ff.jpg,[[255 255 255 ... 255 255 255]],grid_list,9
360,360,8ff0419e-377e-4281-9a28-d8eb7eaaf9c1.jpg,[[255 255 255 ... 255 255 255]],grid_list,9
361,361,908655a3-da06-4af7-947e-80421a36421c.jpg,[[255 255 255 ... 255 255 255]],grid_list,9
362,362,90df1ec8-690b-4c7b-84fe-fa7bd9afd97d.jpg,[[255 255 255 ... 255 255 255]],grid_list,9
363,363,90fabbe9-f693-4bb5-ad26-1d273c82d554.jpg,[[255 255 255 ... 255 255 255]],grid_list,9
364,364,913839f1-9484-44d5-94c9-c2342a64a63f.jpg,[[255 255 255 ... 255 255 255]],grid_list,9
365,365,916d250b-c1c7-4b16-8d01-825369f8d24d.jpg,[[255 255 255 ... 255 255 255]],grid_list,9
366,366,917997d9-8f79-4ed9-9aa5-fc488cb63a61.jpg,[[255 255 255 ... 255 255 255]],grid_list,9
367,367,9192b2dd-aca2-4135-9d31-1efcde819b6d.jpg,[[255 255 255 ... 255 255 255]],grid_list,9
368,368,921aab7b-52bd-4ce2-bec0-2702303b02f5.jpg,[[255 255 255 ... 255 255 255]],grid_list,9
369,369,921fa97b-5873-47c2-9ba4-e85e3e7c21f6.jpg,[[255 255 255 ... 255 255 255]],grid_list,9
370,370,92374c53-d40b-43bc-9f7d-61bc5dfd7a35.jpg,[[255 255 255 ... 255 255 255]],grid_list,9
371,371,92803b0d-5aa8-4360-8321-e146a98cf7e9.jpg,[[255 255 255 ... 255 255 255]],grid_list,9
372,372,92a531bc-dcc9-45d7-bd1a-422e9fae6a21.jpg,[[255 255 255 ... 255 255 255]],grid_list,9
373,373,931b3eca-5feb-4aa8-9cc1-bc116a17d239.jpg,[[255 255 255 ... 255 255 255]],grid_list,9
374,374,932e4ae2-58fd-4a2e-8aff-69022aeb7f33.jpg,[[255 255 255 ... 255 255 255]],grid_list,9
375,375,9333fa5e-4abe-436f-b43a-8685749a599b.jpg,[[255 255 255 ... 255 255 255]],grid_list,9
376,376,93501d76-4c5b-40b6-b1b6-cd3fefed8f1c.jpg,[[255 255 255 ... 255 255 255]],grid_list,9
377,377,9389585f-564a-4909-b17e-36e10df89d93.jpg,[[255 255 255 ... 255 255 255]],grid_list,9
378,378,949801e6-85f2-4229-bef4-a7efe63f187e.jpg,[[255 255 255 ... 255 255 255]],grid_list,9
379,379,94a954d2-4387-46d5-8700-b069c78e669a.jpg,[[255 255 255 ... 255 255 255]],grid_list,9
380,380,94d2d13f-b5be-4b1c-8643-80eea009c3ca.jpg,[[255 255 255 ... 255 255 255]],grid_list,9
381,381,94de2c1b-f32a-4b95-90d6-eb87ca50474e.jpg,[[255 255 255 ... 255 255 255]],grid_list,9
382,382,957e7e2e-7a7e-4e23-8899-d5dcc06bdf11.jpg,[[255 255 255 ... 255 255 255]],grid_list,9
383,383,959228b5-b452-4cba-a62d-0179091a3752.jpg,[[255 255 255 ... 255 255 255]],grid_list,9
384,384,96efcf0b-5da3-4891-a6a0-a422f365deb2.jpg,[[255 255 255 ... 255 255 255]],grid_list,9
385,385,97898c2f-f941-457f-8e62-2181abe4046e.jpg,[[255 255 255 ... 255 255 255]],grid_list,9
386,386,979f5c2c-53ca-4daf-ba9d-a330ebc7329d.jpg,[[255 255 255 ... 255 255 255]],grid_list,9
387,387,97aacf54-54e4-4be4-9f88-94e3f7dee965.jpg,[[255 255 255 ... 255 255 255]],grid_list,9
388,388,9932927d-cccc-41e8-82ca-1b1b448b8bbb.jpg,[[255 255 255 ... 255 255 255]],grid_list,9
389,389,999bedbd-2ee1-4b40-b6c8-86a7deb94f8e.jpg,[[255 255 255 ... 255 255 255]],grid_list,9
390,390,99f745d5-8b6f-47a5-9ffb-ca9542ff94a1.jpg,[[255 255 255 ... 255 255 255]],grid_list,9
391,391,9a256dc7-ad6d-4f47-878d-bb12b1668ec8.jpg,[[255 255 255 ... 255 255 255]],grid_list,9
392,392,9a6209c7-4e61-48b3-8659-1a9ae44d5bb0.jpg,[[255 255 255 ... 255 255 255]],grid_list,9
393,393,9a8547d5-2f8a-4088-ba33-56c1399e1a2d.jpg,[[255 255 255 ... 255 255 255]],grid_list,9
394,394,9b3aa167-b2c5-4693-8d96-d132e4d141be.jpg,[[255 255 255 ... 255 255 255]],grid_list,9
395,395,9b6d93ae-16d1-4791-87e0-878a189b339b.jpg,[[255 255 255 ... 255 255 255]],grid_list,9
396,396,9b8bef62-2f2e-4d45-8536-cfabe22fddb3.jpg,[[255 255 255 ... 255 255 255]],grid_list,9
397,397,9ca15d98-ef0e-43a8-b696-bebf059e6eb8.jpg,[[255 255 255 ... 255 255 255]],grid_list,9
398,398,9d2e5ebb-babd-402f-9095-6243d897f49d.jpg,[[255 255 255 ... 255 255 255]],grid_list,9
399,399,9d4a10ee-4db4-4ca0-b9ff-19544de034cd.jpg,[[255 255 255 ... 255 255 255]],grid_list,9
400,400,9d8282d7-236b-4165-a174-eb1f50d540e6.jpg,[[255 255 255 ... 255 255 255]],grid_list,9
401,401,9d9ed0d0-811f-4021-a1cb-7af9c22618be.jpg,[[255 255 255 ... 255 255 255]],grid_list,9
402,402,9e53c298-8f61-4551-9709-26610128f43f.jpg,[[255 255 255 ... 255 255 255]],grid_list,9
403,403,9e80a281-e0b7-4154-917a-4a0702e48164.jpg,[[255 255 255 ... 255 255 255]],grid_list,9
404,404,9ea84cdc-8388-4dea-a451-1770c07cb25f.jpg,[[255 255 255 ... 255 255 255]],grid_list,9
405,405,9fd84234-7f5f-43b0-8e1c-4462d1023403.jpg,[[255 255 255 ... 255 255 255]],grid_list,9
406,406,a1a6a47c-5a12-4f5f-b2ae-04f52734bde2.jpg,[[255 255 255 ... 255 255 255]],grid_list,9
407,407,a1b600f7-187a-49eb-8f15-489dd6b2926d.jpg,[[255 255 255 ... 255 255 255]],grid_list,9
408,408,a1d7bf33-9b4b-4eed-aafd-66e80e7edb1f.jpg,[[255 255 255 ... 255 255 255]],grid_list,9
409,409,a1f83409-aa02-4527-b752-6b50b3852c8f.jpg,[[255 255 255 ... 255 255 255]],grid_list,9
410,410,a22b0594-0da5-4d08-968f-46658522e421.jpg,[[255 255 255 ... 255 255 255]],grid_list,9
411,411,a24871eb-888c-4385-b27c-229e7e733701.jpg,[[255 255 255 ... 255 255 255]],grid_list,9
412,412,a27572f7-1888-4d6b-94ca-76cd67c6db80.jpg,[[255 255 255 ... 255 255 255]],grid_list,9
413,413,a2e051a7-a551-40b7-9fa9-a053916b2c9b.jpg,[[255 255 255 ... 255 255 255]],grid_list,9
414,414,a2fccbcf-245b-46d6-a15d-0c1127e44ce7.jpg,[[255 255 255 ... 255 255 255]],grid_list,9
415,415,a3482500-6582-4406-9cd3-c950e06a2291.jpg,[[255 255 255 ... 255 255 255]],grid_list,9
416,416,a35bfc88-10bc-44fc-96b9-021a6623ea1c.jpg,[[255 255 255 ... 255 255 255]],grid_list,9
417,417,a3e8b87f-4cba-4ad2-8e76-2b50ee7c821a.jpg,[[255 255 255 ... 255 255 255]],grid_list,9
418,418,a414183f-3532-40e1-9635-7a8e46be17a1.jpg,[[255 255 255 ... 255 255 255]],grid_list,9
419,419,a416cba6-8b3e-40ad-9372-c15cb6637223.jpg,[[255 255 255 ... 255 255 255]],grid_list,9
420,420,a53942c5-7350-469f-a9e1-27bdbc131180.jpg,[[255 255 255 ... 255 255 255]],grid_list,9
421,421,a5b46ffb-ff6f-4c37-b5a8-f539410578f1.jpg,[[255 255 255 ... 255 255 255]],grid_list,9
422,422,a6d7d078-f631-4373-b45c-f7128a9915de.jpg,[[255 255 255 ... 255 255 255]],grid_list,9
423,423,a8ad7e11-d56b-4354-b578-c99fe18feba0.jpg,[[255 255 255 ... 255 255 255]],grid_list,9
424,424,a8dec2ab-b8c9-4111-99ff-a2e1b124ba7e.jpg,[[255 255 255 ... 255 255 255]],grid_list,9
425,425,a8f38998-c601-4495-ac75-05a6fb482e3c.jpg,[[255 255 255 ... 255 255 255]],grid_list,9
426,426,a9623d75-7324-4be9-894b-9d5b425691cc.jpg,[[255 255 255 ... 255 255 255]],grid_list,9
427,427,aa32a5d3-de7c-4fe8-9e55-9a1b0678f016.jpg,[[255 255 255 ... 255 255 255]],grid_list,9
428,428,aa7b8174-36a5-4acc-b84e-ba3f65a844de.jpg,[[255 255 255 ... 255 255 255]],grid_list,9
429,429,aaad4202-9c25-4397-b027-0563dd0500d2.jpg,[[255 255 255 ... 255 255 255]],grid_list,9
430,430,aac80aa1-84f0-44de-9970-e384c75a6541.jpg,[[255 255 255 ... 255 255 255]],grid_list,9
431,431,aaf60207-308b-496c-9faa-d5b38c5b45c2.jpg,[[255 255 255 ... 255 255 255]],grid_list,9
432,432,ab3055a3-5763-4a07-b333-d0d24d058423.jpg,[[255 255 255 ... 255 255 255]],grid_list,9
433,433,ab965c01-07b9-4035-baad-35f19a5569af.jpg,[[255 255 255 ... 255 255 255]],grid_list,9
434,434,abac7a23-ff97-481f-ae96-3ac3ceaf21a2.jpg,[[255 255 255 ... 255 255 255]],grid_list,9
435,435,ac241114-c5ca-4ce7-b80e-64ff445386cb.jpg,[[255 255 255 ... 255 255 255]],grid_list,9
436,436,ac25ce98-df28-46fb-b123-1dc766f98d68.jpg,[[255 255 255 ... 255 255 255]],grid_list,9
437,437,ac80823c-9dcc-4938-a94f-6534ec09c6da.jpg,[[255 255 255 ... 255 255 255]],grid_list,9
438,438,accbf75a-f8a8-4712-b4bf-1d2e0a38d2dc.jpg,[[255 255 255 ... 255 255 255]],grid_list,9
439,439,ad21d546-6928-431f-86b1-4cdf5b129cf1.jpg,[[255 255 255 ... 255 255 255]],grid_list,9
440,440,ae5efea9-0a8a-446f-b453-f9377b5ca7c5.jpg,[[255 255 255 ... 255 255 255]],grid_list,9
441,441,aeb75356-f210-4c0e-a2d8-d1aed22f3fcb.jpg,[[255 255 255 ... 255 255 255]],grid_list,9
442,442,aecb10ac-8d1f-4a0b-8017-7e8668f4e954.jpg,[[255 255 255 ... 255 255 255]],grid_list,9
443,443,aecfd9c8-0c21-49d0-82cb-03fbcdcddda7.jpg,[[255 255 255 ... 255 255 255]],grid_list,9
444,444,af43ca09-4eaa-4c17-a07d-5964480be052.jpg,[[255 255 255 ... 255 255 255]],grid_list,9
445,445,af6e3a13-d75b-4d2c-ab9f-088320039fd5.jpg,[[255 255 255 ... 255 255 255]],grid_list,9
446,446,afa439c1-fc59-4cec-ab1e-80511953f5b2.jpg,[[255 255 255 ... 255 255 255]],grid_list,9
447,447,afd414c9-e4f1-4b83-b0c5-bd53883c6391.jpg,[[255 255 255 ... 255 255 255]],grid_list,9
448,448,b00c679b-0a26-4bf2-8704-210c98aa2689.jpg,[[255 255 255 ... 255 255 255]],grid_list,9
449,449,b02d346f-cd96-4b5b-8f31-db1955d0935f.jpg,[[255 255 255 ... 255 255 255]],grid_list,9
450,450,b03f3fca-e43e-4d26-9201-7fad896fb572.jpg,[[255 255 255 ... 255 255 255]],grid_list,9
451,451,b079d04e-9d8d-4da5-9c77-addf4184e303.jpg,[[255 255 255 ... 255 255 255]],grid_list,9
452,452,b0e4a3e2-6f9b-4b6c-9217-1283c86700bc.jpg,[[255 255 255 ... 255 255 255]],grid_list,9
453,453,b0ee9a28-fdd4-4df9-8ecc-596254527955.jpg,[[255 255 255 ... 255 255 255]],grid_list,9
454,454,b229e77f-594e-4941-8576-4c416fba909f.jpg,[[255 255 255 ... 255 255 255]],grid_list,9
455,455,b231f566-0cef-46f6-9ad0-564068414f23.jpg,[[255 255 255 ... 255 255 255]],grid_list,9
456,456,b2a39d76-4082-4ce7-9a71-d610b780f944.jpg,[[255 255 255 ... 255 255 255]],grid_list,9
457,457,b52e260a-a5ca-4b7d-9c26-7aa3202304de.jpg,[[255 255 255 ... 255 255 255]],grid_list,9
458,458,b5a933df-2357-4b04-80ff-a359d2d01588.jpg,[[255 255 255 ... 255 255 255]],grid_list,9
459,459,b5f9dd94-055e-4aa1-881e-622beaff64ea.jpg,[[255 255 255 ... 255 255 255]],grid_list,9
460,460,b69eefce-8d4a-4f7c-8989-acf820ef4e05.jpg,[[255 255 255 ... 255 255 255]],grid_list,9
461,461,b7674a2f-d501-4fcc-9395-d13cc319b75e.jpg,[[255 255 255 ... 255 255 255]],grid_list,9
462,462,b7b8254c-ce60-4975-ba24-d0144dec13c3.jpg,[[255 255 255 ... 255 255 255]],grid_list,9
463,463,b7f5ba3f-67a0-4b86-8edc-ab73d8cde103.jpg,[[255 255 255 ... 255 255 255]],grid_list,9
464,464,b919432a-c2ec-4cab-96db-d31d6bccc426.jpg,[[255 255 255 ... 255 255 255]],grid_list,9
465,465,b973da55-45c8-46d6-8031-3fe6ceaa69a1.jpg,[[255 255 255 ... 255 255 255]],grid_list,9
466,466,b9a14d31-c7d2-485a-bbd3-f0677b2b1e69.jpg,[[255 255 255 ... 255 255 255]],grid_list,9
467,467,b9a6b2a5-be35-4237-9c88-c73df8b65ef1.jpg,[[255 255 255 ... 255 255 255]],grid_list,9
468,468,b9fb026e-16c9-4212-a8f7-55c9d7bd2f55.jpg,[[255 255 255 ... 255 255 255]],grid_list,9
469,469,ba1f09da-8ddc-4fe4-bc02-0f605bd82d95.jpg,[[255 255 255 ... 255 255 255]],grid_list,9
470,470,bad4ac88-3cae-48ae-92d8-be246a781a88.jpg,[[255 255 255 ... 255 255 255]],grid_list,9
471,471,bad55748-a086-4f73-a690-b211ecbc78cd.jpg,[[255 255 255 ... 255 255 255]],grid_list,9
472,472,bb69cce0-4b9a-4d12-abcd-5d9fa9a4e5de.jpg,[[255 255 255 ... 255 255 255]],grid_list,9
473,473,bbfb8f89-8edf-44b4-9127-ac8408cfce70.jpg,[[255 255 255 ... 255 255 255]],grid_list,9
474,474,bc0319a7-6591-4287-afea-c0c2cf6aefa6.jpg,[[255 255 255 ... 255 255 255]],grid_list,9
475,475,bc1eeebf-44d7-4074-b1e8-e43c83345ba1.jpg,[[255 255 255 ... 255 255 255]],grid_list,9
476,476,bcc2390c-27dc-484b-859e-a4a874593ecc.jpg,[[255 255 255 ... 255 255 255]],grid_list,9
477,477,bd723f30-08a7-4e1d-b767-4fb52463a9c9.jpg,[[255 255 255 ... 255 255 255]],grid_list,9
478,478,bdc3bca8-150b-4abf-ae4e-f72a507dd7e9.jpg,[[255 255 255 ... 255 255 255]],grid_list,9
479,479,be43a8f7-6697-4af9-a030-c285ca96a625.jpg,[[255 255 255 ... 255 255 255]],grid_list,9
480,480,bec5d5d9-1cfe-4966-8f31-350f3ab101c3.jpg,[[255 255 255 ... 255 255 255]],grid_list,9
481,481,bf93ea0f-9088-4750-bc31-f4579aa680d3.jpg,[[255 255 255 ... 255 255 255]],grid_list,9
482,482,bfc16ac7-e3e2-43a6-8a7c-920292758811.jpg,[[255 255 255 ... 255 255 255]],grid_list,9
483,483,c0113ba7-addb-47cf-a2e3-8d15bf0e7d79.jpg,[[255 255 255 ... 255 255 255]],grid_list,9
484,484,c04a8448-771e-4bb1-a521-166b52e83290.jpg,[[255 255 255 ... 255 255 255]],grid_list,9
485,485,c06a1cca-85b8-4364-b739-1b34f66acb38.jpg,[[255 255 255 ... 255 255 255]],grid_list,9
486,486,c075aaf1-1a1d-4aa7-aec7-ce0ca449b6bd.jpg,[[255 255 255 ... 255 255 255]],grid_list,9
487,487,c077e92a-8a26-498c-a949-d8a86843f125.jpg,[[255 255 255 ... 255 255 255]],grid_list,9
488,488,c09763f9-1834-4b06-97a1-bc9aefc82539.jpg,[[255 255 255 ... 255 255 255]],grid_list,9
489,489,c186c7e0-1ecb-41ac-ae51-5ecf7ad2b5c3.jpg,[[255 255 255 ... 255 255 255]],grid_list,9
490,490,c258385e-89ff-4fbe-b283-c38f380cb9b5.jpg,[[255 255 255 ... 255 255 255]],grid_list,9
491,491,c261ac77-bd86-47c7-a6dd-438f4e34270f.jpg,[[255 255 255 ... 255 255 255]],grid_list,9
492,492,c29af60a-4f36-482d-bc4c-80a5507891d9.jpg,[[255 255 255 ... 255 255 255]],grid_list,9
493,493,c2ba38b8-ef2b-4870-a969-c52a00f2ff9b.jpg,[[255 255 255 ... 255 255 255]],grid_list,9
494,494,c309c1e0-5207-455a-885a-1b17052ea7d1.jpg,[[255 255 255 ... 255 255 255]],grid_list,9
495,495,c343ec12-103d-4d7e-bf47-176dfc48508e.jpg,[[255 255 255 ... 255 255 255]],grid_list,9
496,496,c42dc930-ede8-4f7b-a853-1cf97f3c2654.jpg,[[255 255 255 ... 255 255 255]],grid_list,9
497,497,c5a7851f-330a-4c5c-8b17-53030417b2db.jpg,[[255 255 255 ... 255 255 255]],grid_list,9
498,498,c5b1b829-99f7-4314-a32c-36d28cc237ce.jpg,[[255 255 255 ... 255 255 255]],grid_list,9
499,499,c5edc3e7-e02a-4a24-9491-58e4e50bb9d1.jpg,[[255 255 255 ... 255 255 255]],grid_list,9
500,500,c6cecb94-c275-4f2b-94a2-a1b8962457bb.jpg,[[255 255 255 ... 255 255 255]],grid_list,9
501,501,c727a1e3-c703-4a62-84f2-a28281cf4122.jpg,[[255 255 255 ... 255 255 255]],grid_list,9
502,502,c7a6b9b4-690c-41af-9f8d-263cf2629f2f.jpg,[[255 255 255 ... 255 255 255]],grid_list,9
503,503,c8dcfc50-c66e-4586-9c51-06248651c6b5.jpg,[[255 255 255 ... 255 255 255]],grid_list,9
504,504,c93c1d72-9f02-4401-8c75-d8284f15e036.jpg,[[255 255 255 ... 255 255 255]],grid_list,9
505,505,c942eb9d-637a-44ef-9a0c-48a5354d344d.jpg,[[255 255 255 ... 255 255 255]],grid_list,9
506,506,c9d1e172-4885-45ba-9655-10485a196e53.jpg,[[255 255 255 ... 255 255 255]],grid_list,9
507,507,c9d7d6f8-fb92-44f8-96e1-852f0fb96382.jpg,[[255 255 255 ... 255 255 255]],grid_list,9
508,508,c9fd5c8b-f1f3-4853-b188-8a204c679639.jpg,[[255 255 255 ... 255 255 255]],grid_list,9
509,509,ca1e4238-32bc-4eb9-9fd0-e4cc07782f59.jpg,[[255 255 255 ... 255 255 255]],grid_list,9
510,510,ca6a05b4-8d29-445c-84a4-f86e029ae64c.jpg,[[255 255 255 ... 255 255 255]],grid_list,9
511,511,ca75d407-d45f-4123-80aa-7c06b23ea1d5.jpg,[[255 255 255 ... 255 255 255]],grid_list,9
512,512,ca8bb108-771f-468e-b954-065ba2ad2c14.jpg,[[255 255 255 ... 255 255 255]],grid_list,9
513,513,caf0d7ff-1929-40be-9859-a3494f29cfd8.jpg,[[255 255 255 ... 255 255 255]],grid_list,9
514,514,cb286677-c67c-4fb3-a95a-8abb4d9a0877.jpg,[[255 255 255 ... 255 255 255]],grid_list,9
515,515,cb6bf7cf-ab0d-49e8-bbc3-b2286d255596.jpg,[[255 255 255 ... 255 255 255]],grid_list,9
516,516,cb718fce-4361-4888-9454-b7de8309997a.jpg,[[255 255 255 ... 255 255 255]],grid_list,9
517,517,cbac6478-ba52-4a05-a181-c296ca614fa3.jpg,[[255 255 255 ... 255 255 255]],grid_list,9
518,518,cc11cf7b-aa7c-4d77-bbec-3998d1272bba.jpg,[[255 255 255 ... 255 255 255]],grid_list,9
519,519,ce4a0cda-c250-4004-8cd3-ec6f2f5e2207.jpg,[[255 255 255 ... 255 255 255]],grid_list,9
520,520,ce6f7ec1-e569-4522-9eb4-a652121b94bd.jpg,[[255 255 255 ... 255 255 255]],grid_list,9
521,521,ce8a4db7-59c9-486a-8e00-620ff882f18c.jpg,[[255 255 255 ... 255 255 255]],grid_list,9
522,522,ce96d8f7-8fe3-4576-bcb7-79f10a0d6e1f.jpg,[[255 255 255 ... 255 255 255]],grid_list,9
523,523,cef715c4-3f61-4c6d-868f-06a0cb85c43c.jpg,[[255 255 255 ... 255 255 255]],grid_list,9
524,524,cf1695ae-e099-4bde-b723-3f597ae42656.jpg,[[255 255 255 ... 255 255 255]],grid_list,9
525,525,cf31392d-b9ef-4360-a39e-275581035ed9.jpg,[[255 255 255 ... 255 255 255]],grid_list,9
526,526,cf6cdb61-f007-450e-9a12-babee49f02b8.jpg,[[255 255 255 ... 255 255 255]],grid_list,9
527,527,cf970f8e-4882-4e8a-8a2a-b3f468c224b3.jpg,[[255 255 255 ... 255 255 255]],grid_list,9
528,528,cfb4434e-4c19-454b-ae64-75bdfa818dde.jpg,[[255 255 255 ... 255 255 255]],grid_list,9
529,529,d09b0fee-caf0-4918-838c-30459c9a3b4c.jpg,[[255 255 255 ... 255 255 255]],grid_list,9
530,530,d121fbd9-46bb-4bde-8c3e-b15b24dd04b8.jpg,[[255 255 255 ... 255 255 255]],grid_list,9
531,531,d1b7dc02-a78f-4452-b54e-db402f216dad.jpg,[[255 255 255 ... 255 255 255]],grid_list,9
532,532,d1e3f2b2-b88f-4edc-a15c-1211c69dd9dd.jpg,[[255 255 255 ... 255 255 255]],grid_list,9
533,533,d1f06134-48a3-4b2d-b613-4b4915c75e00.jpg,[[255 255 255 ... 255 255 255]],grid_list,9
534,534,d2130894-d60c-4731-a54f-7b7e75e69fee.jpg,[[255 255 255 ... 255 255 255]],grid_list,9
535,535,d267dff6-c62f-4f43-b47e-b4008bfdc05d.jpg,[[255 255 255 ... 255 255 255]],grid_list,9
536,536,d2a48b29-a1ef-4a01-9913-6d4ee9a05670.jpg,[[255 255 255 ... 255 255 255]],grid_list,9
537,537,d2ad5fc7-ca59-4913-85de-b4fb3484b5c3.jpg,[[255 255 255 ... 255 255 255]],grid_list,9
538,538,d37be696-a19b-4eaf-874f-c65d2285555c.jpg,[[255 255 255 ... 255 255 255]],grid_list,9
539,539,d39ca307-3394-4404-bbb1-0d52fabea30d.jpg,[[255 255 255 ... 255 255 255]],grid_list,9
540,540,d3c265be-4789-4ed5-8fbe-99ca3e423818.jpg,[[255 255 255 ... 255 255 255]],grid_list,9
541,541,d4b4fcda-2259-455b-99ff-975ba6e2a270.jpg,[[255 255 255 ... 255 255 255]],grid_list,9
542,542,d539a0a9-6d84-4089-9467-304dd111913d.jpg,[[255 255 255 ... 255 255 255]],grid_list,9
543,543,d53f3427-608c-49d8-a012-b99c19d14f36.jpg,[[255 255 255 ... 255 255 255]],grid_list,9
544,544,d569acfe-8a94-49d4-a69e-e3df55403cdb.jpg,[[255 255 255 ... 255 255 255]],grid_list,9
545,545,d5854433-533f-43ea-a625-3da03b20ca13.jpg,[[255 255 255 ... 255 255 255]],grid_list,9
546,546,d5870d5a-da21-4dc7-8686-1f8e402798ca.jpg,[[255 255 255 ... 255 255 255]],grid_list,9
547,547,d5936cb3-42ff-4232-9327-c816ae61637c.jpg,[[255 255 255 ... 255 255 255]],grid_list,9
548,548,d59ca882-c294-4e3b-a707-f3a7ab415843.jpg,[[255 255 255 ... 255 255 255]],grid_list,9
549,549,d61bb388-32df-4ad2-b482-e0b16d6199d4.jpg,[[255 255 255 ... 255 255 255]],grid_list,9
550,550,d6b25627-234f-4c52-b213-877015c361e8.jpg,[[255 255 255 ... 255 255 255]],grid_list,9
551,551,d747452a-7cb8-46bd-a310-35c895ae8483.jpg,[[255 255 255 ... 255 255 255]],grid_list,9
552,552,d775cfb1-cba0-40e6-a1fb-31cf54a7eb76.jpg,[[255 255 255 ... 255 255 255]],grid_list,9
553,553,d7784305-65fc-42c3-bdb6-3324125318bf.jpg,[[255 255 255 ... 255 255 255]],grid_list,9
554,554,d7db76c7-fec7-47e3-a0b0-f7449f652160.jpg,[[255 255 255 ... 255 255 255]],grid_list,9
555,555,d861660d-2b4f-4e64-bce5-71c013d71142.jpg,[[255 255 255 ... 255 255 255]],grid_list,9
556,556,d868f2a4-fc0a-468f-9f52-7e9e9f4236ac.jpg,[[255 255 255 ... 255 255 255]],grid_list,9
557,557,d8966bbf-e24a-4eb6-82a6-7b795da6af6f.jpg,[[255 255 255 ... 255 255 255]],grid_list,9
558,558,d9714146-7324-4abc-ad0e-9d56b3d00a0a.jpg,[[255 255 255 ... 255 255 255]],grid_list,9
559,559,d9accedf-8b66-42b6-981e-8a827bf6dca7.jpg,[[255 255 255 ... 255 255 255]],grid_list,9
560,560,daac5553-e689-4848-a1ca-c43ba437fb66.jpg,[[255 255 255 ... 255 255 255]],grid_list,9
561,561,db58bc13-a896-44cf-b92a-14db696481e0.jpg,[[255 255 255 ... 255 255 255]],grid_list,9
562,562,db5e26b5-175b-4800-9fa9-98b8e392d508.jpg,[[255 255 255 ... 255 255 255]],grid_list,9
563,563,db7a025a-31c1-4f6f-b657-2221ae0db07a.jpg,[[255 255 255 ... 255 255 255]],grid_list,9
564,564,db96b549-b18b-4fc7-94ca-6270b6d96dba.jpg,[[255 255 255 ... 255 255 255]],grid_list,9
565,565,db9df343-6eb7-49b3-8c8f-0532dd730cfd.jpg,[[255 255 255 ... 255 255 255]],grid_list,9
566,566,dc16e635-1c02-494b-9e73-8c3144a3d52e.jpg,[[255 255 255 ... 255 255 255]],grid_list,9
567,567,dc3b9dd4-8083-44f2-a34c-e68fce52e633.jpg,[[255 255 255 ... 255 255 255]],grid_list,9
568,568,dcec3e21-4fa0-4431-be79-2740d9c63702.jpg,[[255 255 255 ... 255 255 255]],grid_list,9
569,569,dcfc9c4a-1bd6-489e-81f7-1a93f0a17382.jpg,[[255 255 255 ... 255 255 255]],grid_list,9
570,570,dd88da87-3616-40d7-9194-f2386528bae1.jpg,[[255 255 255 ... 255 255 255]],grid_list,9
571,571,dda830f8-f2ad-4e1e-8bb4-2cecb64f1154.jpg,[[255 255 255 ... 255 255 255]],grid_list,9
572,572,ddea80d2-a6ca-49d0-94df-f38fabb836e7.jpg,[[255 255 255 ... 255 255 255]],grid_list,9
573,573,de5bfd3e-7b49-4bd0-9e9b-9d1a2ef12485.jpg,[[255 255 255 ... 255 255 255]],grid_list,9
574,574,debbb85c-ce1c-40e2-b724-9a63dcbf1dbb.jpg,[[255 255 255 ... 255 255 255]],grid_list,9
575,575,df9a9e48-ae3e-4e14-b7c8-f50d4d1a9102.jpg,[[255 255 255 ... 255 255 255]],grid_list,9
576,576,e04595c7-1e63-475d-9022-a47cfacfdd55.jpg,[[255 255 255 ... 255 255 255]],grid_list,9
577,577,e0cf8d5a-e3b8-415d-ae01-b69b03eaa200.jpg,[[255 255 255 ... 255 255 255]],grid_list,9
578,578,e0d31008-78e0-4b7f-9081-3f610e9b13bb.jpg,[[255 255 255 ... 255 255 255]],grid_list,9
579,579,e103cec7-a669-401e-9c4b-c071a1305132.jpg,[[255 255 255 ... 255 255 255]],grid_list,9
580,580,e1226cfd-ee1a-439d-8c59-66de9f456347.jpg,[[255 255 255 ... 255 255 255]],grid_list,9
581,581,e16b2482-9bf4-42f5-8905-abaec54d21af.jpg,[[255 255 255 ... 255 255 255]],grid_list,9
582,582,e1c17652-13b6-453c-b79c-06763b2d213c.jpg,[[255 255 255 ... 255 255 255]],grid_list,9
583,583,e24548f9-feb0-4345-b098-d470d9a96f69.jpg,[[255 255 255 ... 255 255 255]],grid_list,9
584,584,e302f6a9-c730-411e-bdd7-5aef7a53f0e0.jpg,[[255 255 255 ... 255 255 255]],grid_list,9
585,585,e3059df4-d25d-4408-8af6-c4979b647707.jpg,[[255 255 255 ... 255 255 255]],grid_list,9
586,586,e331cdc7-0645-4563-b101-a09bd659c332.jpg,[[255 255 255 ... 255 255 255]],grid_list,9
587,587,e3c6058a-0703-442e-90d3-d8769d1ccafd.jpg,[[255 255 255 ... 255 255 255]],grid_list,9
588,588,e3d1b91c-a052-4373-8e56-10bc38decf4f.jpg,[[255 255 255 ... 255 255 255]],grid_list,9
589,589,e4996190-0aa9-43df-90e8-4e25cc0da706.jpg,[[255 255 255 ... 255 255 255]],grid_list,9
590,590,e49985be-8033-4641-aa0e-678d797475d6.jpg,[[255 255 255 ... 255 255 255]],grid_list,9
591,591,e565bf1f-79da-4bef-87f9-c2faaab3e4af.jpg,[[255 255 255 ... 255 255 255]],grid_list,9
592,592,e585db56-f3c5-49c3-80ab-9415c735204b.jpg,[[255 255 255 ... 255 255 255]],grid_list,9
593,593,e635574b-48fb-4aea-b14d-01ec4109c6ca.jpg,[[255 255 255 ... 255 255 255]],grid_list,9
594,594,e65bc68d-c7b4-4155-9429-438178e5daaa.jpg,[[255 255 255 ... 255 255 255]],grid_list,9
595,595,e6a67ebd-7ea9-44c1-a5ec-04225bd134bd.jpg,[[255 255 255 ... 255 255 255]],grid_list,9
596,596,e76a27a0-5eee-4eff-ba71-ee2bb5df2372.jpg,[[255 255 255 ... 255 255 255]],grid_list,9
597,597,e8314906-f4fb-4b23-83cb-2d810756e4d4.jpg,[[255 255 255 ... 255 255 255]],grid_list,9
598,598,e8d68b4e-4352-444e-a7eb-c1b28e6b6552.jpg,[[255 255 255 ... 255 255 255]],grid_list,9
599,599,e933c20b-57cf-48c0-a221-6bb1097c1257.jpg,[[255 255 255 ... 255 255 255]],grid_list,9
600,600,e9a62802-067b-43c8-b7cc-4335773682fd.jpg,[[255 255 255 ... 255 255 255]],grid_list,9
601,601,e9f385f0-3a49-4f65-b842-dcfe7d13f547.jpg,[[255 255 255 ... 255 255 255]],grid_list,9
602,602,ea107a69-02de-457b-9d13-d219a253c21e.jpg,[[255 255 255 ... 255 255 255]],grid_list,9
603,603,ea222205-29ef-4b1a-a5da-beab9eda0cf1.jpg,[[255 255 255 ... 255 255 255]],grid_list,9
604,604,ea2dcaac-207b-4adb-b46c-683d6652ac42.jpg,[[255 255 255 ... 255 255 255]],grid_list,9
605,605,ea51f8a7-e737-4ebc-a1fa-fcdcac1c3c10.jpg,[[255 255 255 ... 255 255 255]],grid_list,9
606,606,ea9039f7-d240-42f8-a1ea-4efc4b52acd1.jpg,[[255 255 255 ... 255 255 255]],grid_list,9
607,607,eb66c7d1-3a47-4699-9782-0ec0a32e8e40.jpg,[[255 255 255 ... 255 255 255]],grid_list,9
608,608,ec082f25-7190-4637-8e10-f9fdd228e8e6.jpg,[[255 255 255 ... 255 255 255]],grid_list,9
609,609,ec4f57e7-fefc-45f4-adda-580966246f86.jpg,[[255 255 255 ... 255 255 255]],grid_list,9
610,610,ec607890-034d-4065-b363-d44028809ae9.jpg,[[255 255 255 ... 255 255 255]],grid_list,9
611,611,ec8794ca-0c37-4df5-b752-b190b2300f60.jpg,[[255 255 255 ... 255 255 255]],grid_list,9
612,612,ecbcb286-6f27-4880-a550-2807006d91df.jpg,[[255 255 255 ... 255 255 255]],grid_list,9
613,613,edf3a167-df74-4db0-a173-6fe2481d70a1.jpg,[[255 255 255 ... 255 255 255]],grid_list,9
614,614,eec2c3fd-6348-4bef-a2a7-8758f5c7081e.jpg,[[255 255 255 ... 255 255 255]],grid_list,9
615,615,efe1fcb1-4b27-403d-b94b-72abca186a9e.jpg,[[255 255 255 ... 255 255 255]],grid_list,9
616,616,f05816ef-49f2-46e3-822f-a5917b5fe290.jpg,[[255 255 255 ... 255 255 255]],grid_list,9
617,617,f058818b-0e40-4576-aa4d-fe02fd2ea780.jpg,[[255 255 255 ... 255 255 255]],grid_list,9
618,618,f05f7bbd-e757-4c50-b9da-b322a6430ccb.jpg,[[255 255 255 ... 255 255 255]],grid_list,9
619,619,f1037ff3-0b0d-48cf-8496-df79db62f3f8.jpg,[[255 255 255 ... 255 255 255]],grid_list,9
620,620,f1cc5ecc-2e04-4d85-b70c-c3e5b6b266d0.jpg,[[255 255 255 ... 255 255 255]],grid_list,9
621,621,f20a94c8-2733-4911-8938-94f736436053.jpg,[[255 255 255 ... 255 255 255]],grid_list,9
622,622,f2198aba-ac89-4c6b-842a-a98c136a1822.jpg,[[255 255 255 ... 255 255 255]],grid_list,9
623,623,f2d75ac5-8b1d-4b45-9716-800ca1423b14.jpg,[[255 255 255 ... 255 255 255]],grid_list,9
624,624,f2d762f7-ab8b-4f6c-b473-f7e6985cab01.jpg,[[255 255 255 ... 255 255 255]],grid_list,9
625,625,f373af4e-cfc5-48a7-bb9f-da07f66ce9a6.jpg,[[255 255 255 ... 255 255 255]],grid_list,9
626,626,f3a3676e-308f-41a6-b6c2-12fa437cb6b5.jpg,[[255 255 255 ... 255 255 255]],grid_list,9
627,627,f3ba0c25-97d4-44a1-9ad8-a60c17e690e8.jpg,[[255 255 255 ... 255 255 255]],grid_list,9
628,628,f5102b4d-b85f-42c7-a2ab-2e4a0f4d8003.jpg,[[255 255 255 ... 255 255 255]],grid_list,9
629,629,f5127c66-4ba5-4296-9c90-22dc98ff07cd.jpg,[[255 255 255 ... 255 255 255]],grid_list,9
630,630,f54a9773-c4f0-47a6-971e-90e42b20c8b9.jpg,[[255 255 255 ... 255 255 255]],grid_list,9
631,631,f5549c27-8d1f-4c4a-9b49-87db55a2f9ed.jpg,[[255 255 255 ... 255 255 255]],grid_list,9
632,632,f559ee81-9a23-41f0-b91a-ba25ebab7441.jpg,[[255 255 255 ... 255 255 255]],grid_list,9
633,633,f80c86c6-417f-4e9e-bafe-15138da4622c.jpg,[[255 255 255 ... 255 255 255]],grid_list,9
634,634,f88d8fb4-4e95-42c6-bd00-ef866057444d.jpg,[[255 255 255 ... 255 255 255]],grid_list,9
635,635,f8c1b1f6-7887-4f17-b9fd-9473cd0cd2c7.jpg,[[255 255 255 ... 255 255 255]],grid_list,9
636,636,f8e96036-b831-4868-87da-6add4a93a29d.jpg,[[255 255 255 ... 255 255 255]],grid_list,9
637,637,f8f81683-4ee9-4bb3-896c-b291f759d61d.jpg,[[255 255 255 ... 255 255 255]],grid_list,9
638,638,f9092d7e-12a6-410b-8bb0-b12b44f8d773.jpg,[[255 255 255 ... 255 255 255]],grid_list,9
639,639,f98c6fec-f74b-4dab-8eca-dc1d7b41efdf.jpg,[[255 255 255 ... 255 255 255]],grid_list,9
640,640,f9fcdc91-5a09-4aca-96c0-ba75367a191c.jpg,[[255 255 255 ... 255 255 255]],grid_list,9
641,641,fa0892b2-3564-4229-8934-5fc97ad41ad3.jpg,[[255 255 255 ... 255 255 255]],grid_list,9
642,642,fb486005-dc01-47d4-904f-6fa50d874343.jpg,[[255 255 255 ... 255 255 255]],grid_list,9
643,643,fb6eeaa0-de42-4589-8371-18da17af783c.jpg,[[255 255 255 ... 255 255 255]],grid_list,9
644,644,fb76be4d-5933-42fe-be2e-e0397ea47a42.jpg,[[255 255 255 ... 255 255 255]],grid_list,9
645,645,fc31c613-c8e1-4fd9-aa96-ae7458b2e7a0.jpg,[[255 255 255 ... 255 255 255]],grid_list,9
646,646,fc7e5322-4d8a-4294-bd4b-a40a44ec8a45.jpg,[[255 255 255 ... 255 255 255]],grid_list,9
647,647,fe10c668-8228-46d1-8d19-f2c34c74796e.jpg,[[255 255 255 ... 255 255 255]],grid_list,9
648,648,fe761d2f-4a0c-46ee-a848-6c709c889ec4.jpg,[[255 255 255 ... 255 255 255]],grid_list,9
649,649,fea5b51f-991d-42e9-adf1-02f64d6f6753.jpg,[[255 255 255 ... 255 255 255]],grid_list,9
650,650,fea77f7b-4e96-4bad-b0ae-51cf7250fdd1.jpg,[[255 255 255 ... 255 255 255]],grid_list,9
651,651,fec60794-e51b-4697-b55f-0d156d9ad8d7.jpg,[[255 255 255 ... 255 255 255]],grid_list,9
652,652,ff39fa5c-5bd4-4212-a4cb-cd69cc1d2c44.jpg,[[255 255 255 ... 255 255 255]],grid_list,9
653,653,ff5c555a-d525-42e7-be57-f5f4cd6c15d9.jpg,[[255 255 255 ... 255 255 255]],grid_list,9
654,654,ff7119c8-0f24-4aa2-af88-054fc485f8e2.jpg,[[255 255 255 ... 255 255 255]],grid_list,9
