,IMG,CODE
0,00322f6b-52b5-4bd6-9725-784e1b379e8b.jpg,1
1,005473d5-ccb8-43d9-8a3b-0075a52e34cd.jpg,1
2,005f516d-4b6b-4392-8e6e-27ba06d0c9b4.jpg,1
3,0086add1-c8d6-42b3-82fd-a9fffa5efa8b.jpg,1
4,00bd711d-5dd8-463c-8df2-4b32eb346769.jpg,1
5,00caa185-8fdb-4b30-ba18-d01745574e3e.jpg,1
6,012dad34-054c-46f7-8ffc-da9f92e19986.jpg,1
7,015f70bc-71ad-46d8-ba6e-da2604aac35b.jpg,1
8,018c63f5-c478-499b-a842-322bf4c9ed3a.jpg,1
9,019eac35-f189-4938-8bd6-0142611b3d97.jpg,1
10,02bcb713-e384-4c45-906b-feba39ea891f.jpg,1
11,02bf1dfc-c204-4b44-82fd-5274d98dc245.jpg,1
12,02cd3bbd-39eb-4073-a4b4-096e456135ff.jpg,1
13,02d02b23-89ee-4545-a280-23d666af8432.jpg,1
14,03e31705-1880-4016-a946-22b49fea374f.jpg,1
15,0407ebe4-ca29-452c-88c5-c3c8a5e4c827.jpg,1
16,048cc37f-3e17-45c7-a62b-5b5fb23e46aa.jpg,1
17,04a74787-8201-46a1-a367-9aa636214390.jpg,1
18,04f1a056-ebc8-4518-aaa5-cc2ed326dfd7.jpg,1
19,0544c674-81bf-47bf-abef-ef50c9be61fa.jpg,1
20,05d1b24c-ed85-4297-b9bb-aa88865218bc.jpg,1
21,05f5a602-fb42-4f8f-b646-379814396790.jpg,1
22,0623085a-bcfb-46dd-88e1-76537fd5f5a0.jpg,1
23,0629e3b1-2a41-4a24-9d82-0d47abdf975d.jpg,1
24,064b5697-8b0a-4462-a16d-ea1f2152afe3.jpg,1
25,06bdac94-4065-4947-8802-f1da1cd7834e.jpg,1
26,07057b04-6e2d-4bc8-b09a-e7628311513d.jpg,1
27,07156753-d0b0-4914-a32b-f779dac3c713.jpg,1
28,075a9642-fa53-4437-a495-9cc47c5c65f2.jpg,1
29,078b1263-354c-46b4-9115-e3eaabc81599.jpg,1
30,079a394e-190b-4e9e-b0d1-e1d72d904af4.jpg,1
31,07b51222-7b6b-4932-bbbd-0a30e9709d69.jpg,1
32,07f0d32e-bf9b-4c64-b9af-601c70c925a1.jpg,1
33,080b4485-edf7-4a06-a4f1-30b5fedc6a26.jpg,1
34,0835add7-6246-4655-a098-27930bfb344f.jpg,1
35,087993a7-f256-4ad4-b7b5-fcc67e7c65d6.jpg,1
36,08dc6e23-bf53-4e79-be17-a540ff22edc5.jpg,1
37,090efa92-dd21-4c1e-ba7e-48b0c2ced51b.jpg,1
38,0aacaf07-d9eb-4f37-ab0e-ebb456d06cce.jpg,1
39,0b13fbd9-86a0-4ff9-86a2-db4f77452807.jpg,1
40,0bb0eea9-cb77-424a-ae1a-4d43e65032d3.jpg,1
41,0bc717ab-12ea-4a28-b080-7002cb016979.jpg,1
42,0be8d2c7-5964-4103-88cf-06aa2e39b34b.jpg,1
43,0c47407b-10ac-4a3e-b3b5-1c4f804e3efa.jpg,1
44,0c4d6218-6ba6-47a5-b578-83ed74843f68.jpg,1
45,0c712018-5a5a-46cb-b0c9-807f33d7f848.jpg,1
46,0cb686c4-e105-457c-a395-1cf50e0f387f.jpg,1
47,0d14e829-7ceb-4502-bac2-2b26f06eb7c6.jpg,1
48,0d5d6ae8-1ba3-432e-8bbf-37b9e0cb7e84.jpg,1
49,0d84b157-f5fd-4c7c-8575-561656cf805d.jpg,1
50,0e5f12b6-82d5-40b8-b504-b66e2b34a2fd.jpg,1
51,0ea78aeb-810d-4065-ae6a-d30f0fc7452b.jpg,1
52,0f691d63-e476-460e-a7fc-6b5ab266874c.jpg,1
53,0f85679e-bfcf-4a95-8954-5f2c9ca11e0c.jpg,1
54,1023c62c-39ba-467f-825d-417fbcc6c030.jpg,1
55,106e45d6-640c-4cc2-9d22-57ac2540cd96.jpg,1
56,1075db68-6c64-4432-a5a3-a3f8b7baa183.jpg,1
57,115b4e9c-505a-4185-aa88-eddce2053fff.jpg,1
58,1214ec72-d87c-49ec-93ec-a56171331c54.jpg,1
59,1218798e-e0e5-48b2-9dc7-ac3a92311f76.jpg,1
60,1244f37e-1b64-497d-8e0a-bb399937b30d.jpg,1
61,127177c4-964c-436f-83b0-b8b9698a66d2.jpg,1
62,12833246-786e-4f78-994c-b714635eee85.jpg,1
63,12aab6fa-9466-4f9b-bb6f-5d3d3eeb9e4c.jpg,1
64,13110c69-559d-46c0-8895-a559d54273d1.jpg,1
65,133a7fd2-1a8c-45b6-af16-0b8980f40dc5.jpg,1
66,13aeb2f2-09f2-4a76-93a2-407229d5aee2.jpg,1
67,141f51d5-bbad-4200-8424-c1128c1933c4.jpg,1
68,1523de53-e83f-463d-a385-0e20333541bb.jpg,1
69,15909dd2-e775-404a-a403-fec6f045bd8c.jpg,1
70,15b7821f-b59f-4c5e-a218-f7859ef000b6.jpg,1
71,160c8cbb-fea1-472a-aeb5-77b428d265f1.jpg,1
72,164950ee-97b2-4b50-9094-5611f5ce3ce6.jpg,1
73,168f95b4-375b-4d50-b1c9-cde2a78742f2.jpg,1
74,168fc94e-ad00-4b4a-bd55-c02c9f82d682.jpg,1
75,16e5a498-35d2-4f32-a99e-cdf321221e28.jpg,1
76,16fb34ca-0650-4d44-8913-9d8801ee17c5.jpg,1
77,171f73e8-ee1e-4bc7-ad8e-3a27cff09cac.jpg,1
78,17475c22-078c-4977-86f8-10ef5c6eb35c.jpg,1
79,176d8a8b-a771-4100-98bd-e66708a10093.jpg,1
80,178ba8e3-baf9-4437-9e64-143db47422dd.jpg,1
81,179f9054-8d53-4e88-bcaa-f4477ec53211.jpg,1
82,186ad479-8deb-4245-b810-fba9ec628f86.jpg,1
83,18a0cc76-ec61-4576-bb31-4f3652696932.jpg,1
84,18f94c55-70a9-45f2-bf49-1c203ad150be.jpg,1
85,1917b120-ecfa-4190-8c96-d38a83544b40.jpg,1
86,194164e1-552a-480a-a8bd-2027fbe7cd74.jpg,1
87,194c69d4-5452-4a24-abf7-e85d9bb229be.jpg,1
88,19dab452-df1e-4a62-939c-ba0052d17bdc.jpg,1
89,1a0eb05b-3927-4488-a2f5-e91493c972de.jpg,1
90,1a44d98d-77fe-43ae-9821-1838e2b843ef.jpg,1
91,1b138f25-5f3c-4568-b044-ff4883ce172f.jpg,1
92,1b84461c-0a93-480b-9a09-6eea841b2d3a.jpg,1
93,1b9ebaf7-322f-4a95-b40e-0a53c142b807.jpg,1
94,1bbd8adf-c21c-40a8-9a9a-5a0f8a2de11b.jpg,1
95,1c38ea5d-46d8-4ef9-ac58-f4d349d499f9.jpg,1
96,1ca17111-ccb4-4e72-bdb6-5d63f763119a.jpg,1
97,1d9723b6-36d0-483f-abfc-9e2b230a08ab.jpg,1
98,1e0df163-1f09-4d6e-9172-be4e2abaefbf.jpg,1
99,1e14e097-0f13-40be-aaff-ef099938f5a6.jpg,1
100,1e2ac7fa-dc26-42bb-ac4a-b142dc8f0b75.jpg,1
101,1e2bbd76-a070-4eec-aa6d-6afbace2af77.jpg,1
102,1e9c4c1d-e03f-47cb-9403-b53e6fcfb122.jpg,1
103,1ee27705-f30c-4895-afe5-b8edd4f97d59.jpg,1
104,1f36ac33-5dd4-4760-9768-c8a06f7041f1.jpg,1
105,1f435cb4-729d-41d1-8f37-b8ada95cbc75.jpg,1
106,1f565082-475a-44ce-ba0e-f556580fa2ba.jpg,1
107,1f6568ba-62aa-40f4-a1da-068568fbb419.jpg,1
108,1faa0af5-c60f-403a-b24b-297a5a2e04fd.jpg,1
109,1fde45e9-8eff-4818-8fd1-bb5b042fd26b.jpg,1
110,1fe11d84-0708-44af-8a34-308c6791abd4.jpg,1
111,205c6a18-f66a-4fac-b0a9-65f0606dccf4.jpg,1
112,2076bb45-6eb2-495d-adbb-950658c8a91b.jpg,1
113,20932106-3654-4767-b0c9-1e3bfc1cbd1a.jpg,1
114,214bd900-ef6c-4796-85d4-72a737bc53b5.jpg,1
115,215887a3-d8ed-46b7-874a-36feeb5957da.jpg,1
116,215d70c5-e2fe-481e-9faf-5b6f11ee87d0.jpg,1
117,218b1018-2c59-4b25-8973-cdd97bff0c98.jpg,1
118,21d05438-e6c4-4dd5-bc8b-414d8c065aba.jpg,1
119,22132c38-b63e-4434-b270-7b65651fcf4a.jpg,1
120,22231d43-1e07-4089-a0ce-f967262072f7.jpg,1
121,229e13bb-55bc-48b2-ab4c-fd3c876159e0.jpg,1
122,22a470b3-3a94-47a4-ae11-6af2d2fc8911.jpg,1
123,22f407d1-185a-4e48-877b-43efbb58baea.jpg,1
124,22fc8dc0-7edf-421d-99a0-cd5a369317b8.jpg,1
125,235a15bc-69c7-4d06-94ac-1feb9a06947d.jpg,1
126,2381e451-0973-4198-a34d-f0fc0b6373d8.jpg,1
127,23e43115-5274-464e-afcf-858a7a62fe5a.jpg,1
128,2439d828-bfb2-48cd-b3ef-a06def606c89.jpg,1
129,244b0c51-64af-4f2b-a0fd-6a946446b557.jpg,1
130,244f06f2-18cd-4e76-83dc-8f93c07055b7.jpg,1
131,2456c7e1-62a3-4357-be25-41d318fd6bcc.jpg,1
132,248bee89-fac0-45ae-8c14-44cdfe898897.jpg,1
133,24fbb201-56f6-4a30-b3e6-21203bdd8512.jpg,1
134,254b7be6-1da0-488b-a3a2-f102ddfa470e.jpg,1
135,2584a565-52aa-45c9-a93f-797e8b8dc38b.jpg,1
136,25911551-4dab-4c22-ac2f-7f608ea7a292.jpg,1
137,261de506-7dd0-4008-a8e1-7afa41c95829.jpg,1
138,26a37d45-35af-44ec-bd83-22b402057572.jpg,1
139,26fa2d3b-3a25-41ab-adff-b1f86ab5ad36.jpg,1
140,27238c2a-d813-4eb4-9086-a858889292f2.jpg,1
141,27816261-b737-433d-ae9a-89fd64955697.jpg,1
142,27e19643-4262-467e-8011-ad9ce9f3750e.jpg,1
143,281637b6-7484-48d8-8193-65ad20b4210f.jpg,1
144,28193bf9-5d6e-4f39-963c-7f820455360f.jpg,1
145,28919eda-35b5-4650-84f3-a2430e1fe3f0.jpg,1
146,28ceb82d-42b7-4552-9f70-3eb269614921.jpg,1
147,290bf8f5-66ce-4784-b461-0502b30ee458.jpg,1
148,29c6d67c-3355-4471-8a31-79f250dc8028.jpg,1
149,2a23d7bc-87fb-40d7-86b3-d570ace8c730.jpg,1
150,2a546b9e-b1ce-4484-8506-cbc14af1cd4b.jpg,1
151,2a6d2268-f835-4fcc-8e7a-4f7ddbdd2d7b.jpg,1
152,2abf8379-fbfe-4373-afde-1104faa245e3.jpg,1
153,2b604dc2-7aec-4955-b616-38253ac20acd.jpg,1
154,2b827b2a-1a67-4dab-8250-99325843410e.jpg,1
155,2b8fff3e-cc0b-4a63-a0d1-852002a848a6.jpg,1
156,2be675c3-a1cf-4591-94f8-7cea8d396e48.jpg,1
157,2c0f32fc-e187-45bc-bb5e-4e25aee7e333.jpg,1
158,2c0f5bc3-066e-4a14-8a03-dbdb34a9fb9f.jpg,1
159,2c17e3f6-ff85-4f2e-bbdf-d9b0cf4663f3.jpg,1
160,2c8b0db6-73ce-4e76-8121-d5b28abbbe7a.jpg,1
161,2cbbac6b-e085-4dd4-8dbc-872e29fed2cc.jpg,1
162,2cc07c80-4e2c-4066-8797-c1ef65aec5b2.jpg,1
163,2ce98434-f945-4efa-bc67-09730ebbd274.jpg,1
164,2d16d73c-649f-44eb-a5ed-061c680d3c92.jpg,1
165,2d64d485-4917-4e79-b951-32d4fc8e99f0.jpg,1
166,2f7ade83-e087-4672-b4a6-c8aa5fdff0be.jpg,1
167,2fce5f75-18ba-40e9-9687-d7dc251833f5.jpg,1
168,2fce7d67-6d87-48da-8e7f-a6d1ad12a59a.jpg,1
169,2fde6e14-d563-4e40-9947-78a8a5796e37.jpg,1
170,2ff8c229-72f5-4b42-af3b-eb843f2ed02e.jpg,1
171,30bed552-9e2c-4bf6-83c5-c68d36802c85.jpg,1
172,30c0a724-a29a-4fa2-b75c-90c315363bb2.jpg,1
173,30d19cdc-d9bc-426a-bc40-6cbd337488b5.jpg,1
174,30fcce8c-04c5-4ad2-8672-af7c4ee4063d.jpg,1
175,31058088-f821-44b5-a8f9-bda2f204494f.jpg,1
176,3110316c-09e2-4520-812c-7cbdf9c0f470.jpg,1
177,315f44c4-b0cf-4efd-946e-b45bea7ab30a.jpg,1
178,31fe22d9-df74-459a-9d15-9170972652b1.jpg,1
179,32f75145-b6b3-4436-a4a4-3c3f31695e17.jpg,1
180,33586319-26d6-4012-b959-ccf40135745f.jpg,1
181,336aabcd-22a0-4b23-b39f-bbf52f1d051e.jpg,1
182,336fc740-9cb0-4ce7-bb39-e70823fe174a.jpg,1
183,33775bbb-4dd9-49e8-a8d8-4161c5e69e6f.jpg,1
184,33dd510b-b67f-428b-b15c-3b66823d70af.jpg,1
185,33dd6d1c-2823-451b-8429-7950cc8c1b69.jpg,1
186,33eecedd-822c-48ef-8a93-c6aba24cd2c7.jpg,1
187,344f5d5c-69e8-46e4-9c39-f27db0d4e8a0.jpg,1
188,3464a97c-30f3-4bc0-bb99-ee3f184b8554.jpg,1
189,34d6d912-9482-4db3-a919-cd81ab522918.jpg,1
190,34ecd6e7-911d-4e07-92f4-21ef46113e45.jpg,1
191,3525d86d-6e3a-4ca6-966c-7686b380c005.jpg,1
192,355d4486-b356-4184-8f9e-330d7588f3a5.jpg,1
193,358671cb-ebef-49f8-a4a5-5a382dc43911.jpg,1
194,35e3bac6-0033-4031-8319-d5f750efd92f.jpg,1
195,360bf9e1-6838-444b-bdeb-c6ed40e22f4e.jpg,1
196,3651a398-97d5-4fc6-a1c2-8bd0783910c3.jpg,1
197,36f99bb0-e8f1-4a18-85c8-b2d7fc418d5d.jpg,1
198,377636ff-3683-4cb7-b27a-364c22995b0b.jpg,1
199,3794a9c8-261d-4a0c-951f-070185623626.jpg,1
200,385db5c3-dc93-42b8-9bb9-f447be1b4a12.jpg,1
201,39d53878-ac85-42b8-b707-b088f03ee2b3.jpg,1
202,39d6bef6-faa2-4d81-9bae-f1983b708a88.jpg,1
203,39e67865-7381-47b6-8a08-99ad73d663c9.jpg,1
204,3a25f1f1-9ee4-475d-a7fb-75b683d8cf19.jpg,1
205,3aa0fdf0-71b8-4f44-b28c-1586857f8ae6.jpg,1
206,3b1700df-00e1-4587-8a95-1df9bcb346e6.jpg,1
207,3b2e7cae-85d1-4119-b1c0-099ce647952a.jpg,1
208,3b9ded27-1f9e-4419-be4a-c458c74fc9a0.jpg,1
209,3c0db46b-618e-49f6-b93f-d4e629e11f48.jpg,1
210,3c3420a6-1234-4293-859c-9640c2c380d6.jpg,1
211,3c3c0d8a-3084-423e-950a-1621c99195d9.jpg,1
212,3c45841e-c389-4849-8451-6fb0fddbf6ad.jpg,1
213,3c4baaa1-1f0d-41ea-b99f-ecf545dbbc3a.jpg,1
214,3c5576c0-7343-4722-9731-b0d86dc8bac8.jpg,1
215,3c56647e-ae0c-4cdb-afa6-33a718145f4a.jpg,1
216,3cec32d3-5888-4740-baf2-8267f63d867a.jpg,1
217,3cefd947-54bb-4c2d-926f-77f372efb83d.jpg,1
218,3d00d398-347d-41ce-a7c0-b84822dfae27.jpg,1
219,3e10be75-bfb0-4259-9004-16aed32e759c.jpg,1
220,3e6420f4-89a6-4f18-a7ef-a778db7556ad.jpg,1
221,3e69e90f-2813-42a3-b564-296ba67f65d3.jpg,1
222,3e913d16-d446-4497-93f4-f68b16d00870.jpg,1
223,3e9274ea-b478-482e-bdc3-d3efdb87167b.jpg,1
224,3e95b13c-44cb-493a-acaa-9bbc38db0a3a.jpg,1
225,3eb3395c-1a96-478e-81c6-e079631e663d.jpg,1
226,3edbe30f-2530-4408-aa45-508b699716df.jpg,1
227,3fa0b7d8-c128-4693-9a75-01e92e132724.jpg,1
228,3fd3ef52-c677-440d-8e74-d3693583d543.jpg,1
229,3fe36ecc-4db7-480c-b370-9713999177a7.jpg,1
230,3fe8cd61-4cb7-4fd8-9949-c16b9ba51f8e.jpg,1
231,40aad657-7ea4-453b-bde7-eb63d78375d3.jpg,1
232,41ae1857-a6e7-4a74-9a5b-7852cbbd5fd0.jpg,1
233,41dbb432-ba57-476f-9169-d6d7c49e63f7.jpg,1
234,42336a17-60e9-4682-9697-f52812187837.jpg,1
235,4270a63f-2e85-4d24-9b66-49f40dbf859f.jpg,1
236,428c443b-c57e-43c5-a953-c09c2ad19ab4.jpg,1
237,42d1a12c-2a58-4b8a-8efe-3a1c15525ff1.jpg,1
238,4337b87c-d18b-4d4b-8ca6-ffe7786f5e2f.jpg,1
239,4369a20c-b7b9-4a60-a33b-72af0e75deae.jpg,1
240,437640f9-bc50-4b55-985e-a5be8383c9b5.jpg,1
241,437c5883-da80-4666-a55d-72dfca539bd4.jpg,1
242,4387f9d2-5136-4896-a79f-0496a619d010.jpg,1
243,438e8861-bf05-47e8-8e38-c23e26d25122.jpg,1
244,43d4d40e-830a-4b45-b607-08f57d63262b.jpg,1
245,43ea1ef2-62ce-47a5-85f8-c7838bcce0e6.jpg,1
246,4497942f-6d41-45dd-a60a-9939053366d9.jpg,1
247,44f1101e-1e44-49c6-8e21-f0155455a39f.jpg,1
248,45140f7f-0f53-4f5b-a1a6-0fb666f01cb3.jpg,1
249,453edca8-8f49-4426-a9a5-7cd79d7b79f8.jpg,1
250,454262eb-246c-46f9-a3c4-8e1773df0894.jpg,1
251,456f7caf-747f-4644-9b6c-7eac13f1f2c4.jpg,1
252,45adc000-744e-45dd-821d-83901b87a6ab.jpg,1
253,45d348a9-38bb-46c2-b434-9d9b704568de.jpg,1
254,470e23c7-57de-40b7-b478-ae286f7b7546.jpg,1
255,47179a4d-192a-4c33-86f4-e222d6320fa2.jpg,1
256,474b4585-1d10-4630-99e9-b5eb15e7f72e.jpg,1
257,47f41509-92e8-44e9-8024-2a2cebf8be78.jpg,1
258,4818e3b6-b738-4911-b59f-f9e72f5d7893.jpg,1
259,484f8e4e-0dd0-4ee7-8923-4b2423c9a847.jpg,1
260,48a37203-e3e6-4d43-95aa-c7db35a82b15.jpg,1
261,48ed40be-b405-41ec-973f-c629651a4183.jpg,1
262,4a551d3f-0680-4bed-ace4-82630183b5d7.jpg,1
263,4adc6952-aecb-436d-b8ec-e128ee3d3089.jpg,1
264,4b9d6814-7beb-484c-93a5-09af0dc7cb94.jpg,1
265,4bbb7cd2-8ca9-4153-96ee-4cac8ba66027.jpg,1
266,4bca1391-cf69-438b-ade3-faa684c36076.jpg,1
267,4c080da6-2568-439b-97cb-4a9d68840180.jpg,1
268,4c37a408-886d-4a05-9a8b-79b1a51f6964.jpg,1
269,4c9e1d98-9c98-461b-8a10-455c1fda89ec.jpg,1
270,4ca8d3a6-c900-4b14-877c-c53e93138f8f.jpg,1
271,4cbecd5d-e5a7-4e71-8401-555d82ad49bc.jpg,1
272,4d06e0b7-a911-45fb-81b7-4a41d9a90fc9.jpg,1
273,4d633d22-47e7-4c3a-94a5-ee0e09cd3300.jpg,1
274,4d9ecacf-7229-4b50-8674-f5a2ca0c7dbc.jpg,1
275,4e1bd7c1-93c6-4bce-bcdb-b12bb517b10b.jpg,1
276,4e289e0a-1545-49d8-8d52-5c697e60072f.jpg,1
277,4e3636be-aa07-49a1-9592-db6621b44bee.jpg,1
278,4edb65f8-2a33-4bdc-b852-4c52a16de4bf.jpg,1
279,4f42b4e1-aff0-40ba-8d8d-3905d79c1a64.jpg,1
280,4f60a192-49e8-4e1b-be50-50538fcfff7c.jpg,1
281,4fd50356-0bea-4409-bc0a-faf1832968b4.jpg,1
282,4fd805b3-84f6-4e2a-9ad7-1efd9948aea1.jpg,1
283,50009995-4b23-4a7b-988f-c67dedb3075b.jpg,1
284,50542697-2ad0-40bd-887f-a937086cf252.jpg,1
285,50dfb538-11b9-432c-b67e-2cceaf24c404.jpg,1
286,51079779-84e5-44c3-a28d-13c85e97bf03.jpg,1
287,513bb334-db2a-4423-ab8b-6e9625a5ba82.jpg,1
288,516a1b08-3276-47d0-9254-543d03b4ef77.jpg,1
289,52003d78-d5c4-46b4-aad5-923065bd9ea6.jpg,1
290,5215027c-ce9c-47cc-94b5-cab5316820b0.jpg,1
291,52f40cd5-2758-4f5f-8a4e-3c308f9a74e8.jpg,1
292,5366a389-b34c-4390-bcbb-a02dafd67b69.jpg,1
293,53ca9b30-83f9-48ea-99b2-675cd5087e36.jpg,1
294,5457d720-ef49-4467-8519-6f77d297b6ff.jpg,1
295,547067c2-9bcd-46f2-b525-c390f3fc1c38.jpg,1
296,54843484-43d3-410c-8694-6d68a551de04.jpg,1
297,54b9e89d-0fdd-4a89-bbeb-9282ddfee888.jpg,1
298,55a07e33-5606-45bb-9720-5451af78e6fa.jpg,1
299,55bc9fe2-913f-4f48-ac1a-8766d2c4929a.jpg,1
300,55d39126-7942-4d9d-b62a-26cbb5678160.jpg,1
301,5649088f-7286-4826-951d-49b2d77e1fe4.jpg,1
302,57483045-e10f-495e-9bac-135b345b8ab0.jpg,1
303,57490a02-54c4-4190-a755-2ab7ce8ffbd0.jpg,1
304,57c67076-3220-446f-8233-f9fa16a9973e.jpg,1
305,57d59731-2101-4912-8bd3-d67d9d44b2ae.jpg,1
306,57dbe2ed-3de5-4f8e-bca5-0ba1cfd13a49.jpg,1
307,582592d9-a213-4bdb-97ea-efaafa12cc76.jpg,1
308,586516b0-3b49-4381-978d-abe0a702fef8.jpg,1
309,58a6e9f6-73da-4016-b161-95efb353f5be.jpg,1
310,58aa9281-c44c-4a2b-bb1d-484c46a068de.jpg,1
311,58be2142-f6a3-4fd3-8280-93f3f4b311db.jpg,1
312,58d96c3f-a8e8-4c1c-9dd8-ae13ad1dcc0a.jpg,1
313,596e0276-3a45-42d3-8959-0bac3c4b1347.jpg,1
314,59af2a52-370f-460c-a326-f80cb81307fe.jpg,1
315,59ca5935-3d77-461c-9db6-4d4cf877f973.jpg,1
316,59f9edff-86e5-4b08-97de-b5ff41c3d284.jpg,1
317,5a37c3d9-63a2-4c6c-8206-59a00f1d34df.jpg,1
318,5a66134c-f3fc-4ce6-bc7a-2f139b1a678c.jpg,1
319,5aecae77-bd5e-4a61-a646-a3917b2eaf38.jpg,1
320,5b04fb69-c3cc-41e7-9611-f1f6fd476ac3.jpg,1
321,5b4551f5-c82f-41d2-9d8d-9207772764ac.jpg,1
322,5bb1da68-1ab4-4713-8f09-5aed1ab8df8a.jpg,1
323,5c40bedb-9b88-427c-bd40-0d1ac9fa5c3e.jpg,1
324,5c64713c-6190-45e6-91da-318f8afe8bd6.jpg,1
325,5c8da2c9-c82a-4cf6-b204-1adb91c2999c.jpg,1
326,5d692db3-0bb6-4453-9f4b-e55f381100c2.jpg,1
327,5d8f295a-f731-414d-aed2-5c030b4d5284.jpg,1
328,5dc9e4f3-9bce-4fc0-b309-19c9f76e7105.jpg,1
329,5dff3c52-d532-493b-b1c2-4d1a26b40cf9.jpg,1
330,5e002f2a-3808-4494-a5ff-793543d03483.jpg,1
331,5e692b9d-9016-4b03-b810-930f4b0434c2.jpg,1
332,5eb94370-d087-48d3-8d04-aaf9eb5c5e08.jpg,1
333,5f0f0bad-d5ee-4b59-b5ed-abd159799430.jpg,1
334,5f719b7f-a540-4eef-8778-6e78c2971e24.jpg,1
335,5f731b02-52ca-44b6-ad83-bdc7f36da532.jpg,1
336,5f76f992-fb1d-4736-9f04-99e1059005a0.jpg,1
337,5f8aec66-8e69-4569-bf41-92fefb1bbe77.jpg,1
338,60576c10-466d-4fc9-9fd3-7a3859d2de1b.jpg,1
339,605cf7be-a562-4521-aaa5-515883e7d144.jpg,1
340,6096424d-9236-4669-9e4a-9da8bba5fe5a.jpg,1
341,61143c8d-a63f-4273-a1d4-f08fa505fc43.jpg,1
342,611fe50a-7911-4ca3-aca3-680287009c5e.jpg,1
343,615f1a12-7f50-41ee-b4cc-10c13d889858.jpg,1
344,61eee2b9-e928-4baf-aa08-34f370ce4748.jpg,1
345,621c817a-6d77-457e-85a8-e4bbdab222b1.jpg,1
346,628950d1-d1c8-4d47-953d-1bd22fad346b.jpg,1
347,62c35294-beb3-48de-9882-9f78de3002e0.jpg,1
348,63196766-721e-4893-a8b6-8d7445db9b0b.jpg,1
349,63cbff43-790a-477b-9182-5ca34145940f.jpg,1
350,63f3a3c1-16b7-420a-b637-f94ccde91fce.jpg,1
351,64005ac7-2f81-4f0f-bcbb-71c854679d92.jpg,1
352,65324277-b857-4588-9319-28b3bf8d3d6f.jpg,1
353,656cb147-7817-486f-9df7-05c1e8fb7977.jpg,1
354,660c41c1-f309-4155-9006-c108ec28b16f.jpg,1
355,660ee908-6641-49a5-8597-30e2012632dc.jpg,1
356,663b9b95-3681-4476-8659-e6edea407740.jpg,1
357,66724563-09e0-47a8-b5fe-8bd113e099e8.jpg,1
358,66c465f5-db80-44c7-bc13-a7d1cf6d3b49.jpg,1
359,66c572d8-af4a-43e2-bb40-c8ca769fdaf3.jpg,1
360,66d612f5-8481-428e-9fb5-ab278940f274.jpg,1
361,6739c116-64bf-4c8a-862d-1bd90816a24b.jpg,1
362,6750cccc-4d63-46dc-b8c0-64c05a5d8f8f.jpg,1
363,67b3c939-f885-465d-bb8f-a153be4c032a.jpg,1
364,67b67176-b61b-42ec-9dcf-5d4eaeffd052.jpg,1
365,682dc4e4-4bed-4f49-9b95-7b9b3976c0cc.jpg,1
366,68396505-a36b-465c-a044-d273b54a1963.jpg,1
367,68559a87-dbfc-42e7-9be2-fae0943884a9.jpg,1
368,68808b8f-ce0f-4e4d-8156-23e317f52a54.jpg,1
369,68c33fa2-0026-4ae3-8325-3070750ecb87.jpg,1
370,68d7eaa5-f613-448c-a879-67098658d95f.jpg,1
371,697ad64b-9818-44c5-897b-ea6b5ca8123a.jpg,1
372,69ce8568-8c47-40fe-a84b-28d7f0c12df7.jpg,1
373,6acb424c-b2de-4c7b-9fa6-b3e4c8ee51c4.jpg,1
374,6aebdbed-3856-48c3-a620-072743cc908b.jpg,1
375,6b038e51-8c75-4c97-a560-ee79d058fda8.jpg,1
376,6b78cc8f-00a3-423c-b747-dc9646d0921d.jpg,1
377,6bd0c29e-d917-431a-87e0-c2512fb2c994.jpg,1
378,6bf4e701-8ddc-499f-b130-b5044cddd6d6.jpg,1
379,6c36366f-e29d-4948-a43b-f36802873c12.jpg,1
380,6c960a1c-a3f1-473d-9e4f-6e4f7df87493.jpg,1
381,6cab1f69-c53d-4cc1-b73e-5c4e702f6639.jpg,1
382,6ce6a7fb-bde5-479b-b1c4-bc9969393153.jpg,1
383,6cff3054-a695-4231-af45-eb1f2647cbf2.jpg,1
384,6d00c599-3f0b-44c7-a37d-623262171a94.jpg,1
385,6d64dd02-9993-4876-a9b8-ba672b879c35.jpg,1
386,6d8832b7-b7f5-4104-b150-b680ac705c23.jpg,1
387,6d8f537a-0cfa-4600-8bad-6cec0085878e.jpg,1
388,6db8ed28-01e6-4f74-aa11-fdf075d3dd5f.jpg,1
389,6dfc2500-f425-4d1a-a311-c73ee85b9e71.jpg,1
390,6e27ba30-3735-4762-90f0-12ec1c890d68.jpg,1
391,6e3f3e58-0520-4fb1-ba72-73dac5a441d6.jpg,1
392,6e464ccd-fc99-40fa-acb6-473b4e766338.jpg,1
393,6f70dd12-4f6c-4137-9616-95e0acf04aaa.jpg,1
394,6f8016ab-726b-493c-80d1-e17ccf970ae0.jpg,1
395,6ff49a26-1d95-49a7-9d72-d12f30d6d6f6.jpg,1
396,70446042-611e-43a9-bbe4-9953949cde5e.jpg,1
397,708d995d-a602-47e5-9dcd-4011e376ce29.jpg,1
398,7159d1b2-c345-4796-b069-c57545dbd43d.jpg,1
399,71a086bb-9894-42af-a2ba-731ad479bfec.jpg,1
400,72035c8b-e2f2-41e7-9a3c-e349891a407b.jpg,1
401,72304507-b1c8-4a0a-b301-368f20ce7eac.jpg,1
402,723821d3-b0b9-46d7-8076-c3351c4b0345.jpg,1
403,72f7527f-02ae-41ab-80cc-ce6ccf0282c9.jpg,1
404,72f999cc-dbc0-47b7-a705-7220c2a28c93.jpg,1
405,7360d367-6f4f-4529-b1fd-309fbf13487f.jpg,1
406,73774b63-3fc2-4e13-a685-3acba43f6034.jpg,1
407,73e1979a-86b2-4520-b8e9-e279fddd76eb.jpg,1
408,73f400a4-e0e8-43c3-98de-701219f58ad2.jpg,1
409,742a5aa8-e6c8-4be4-af84-a922e2c8e274.jpg,1
410,74375c85-ceef-4506-afc8-1a35ea433cf8.jpg,1
411,7455bdbc-7fa8-4c2b-b32d-4c162b70293b.jpg,1
412,7458ce2c-17c4-4e47-af4f-ace6bda43530.jpg,1
413,75060343-48d5-42ca-9030-e91682b20de9.jpg,1
414,7527f611-685a-42be-bd57-b4a0a384f85a.jpg,1
415,7563d2ff-51b8-4d29-a764-66532b623114.jpg,1
416,7590c7e4-94dd-4abb-9737-064569a3a708.jpg,1
417,76119191-7c30-4513-b614-061e2250b104.jpg,1
418,7622d1e4-cecc-4466-9e1a-5b25e8403069.jpg,1
419,76a5addc-b15f-463d-8271-d0f58be68f51.jpg,1
420,77122115-17bd-496a-8666-5a5f69d1334a.jpg,1
421,77166b9a-e407-4162-8705-26be4573d669.jpg,1
422,77297466-698a-4010-b440-692d153c6347.jpg,1
423,773464f9-ccab-4ea1-921c-66e8f33d0a6d.jpg,1
424,774b3c97-2860-4969-a4ae-79e1580ac6e7.jpg,1
425,7750a207-8d5f-46aa-9519-5940da986a7b.jpg,1
426,77ccd2df-ea31-40fb-bf07-9aae203f27d2.jpg,1
427,77db70c5-d797-40c9-a2f3-6fc88d82985c.jpg,1
428,77e6a224-0304-4139-b921-7e1d7d5f25de.jpg,1
429,787f63e3-d958-457b-b667-a3b229cd23ca.jpg,1
430,78af808f-0dda-4127-92d2-4131c0fa10bb.jpg,1
431,78ec257d-f2d6-43fb-8a2a-ea54f2987620.jpg,1
432,79ca777b-324a-4fe3-9b85-44eaa9fabd6a.jpg,1
433,79ce3e6a-61ca-4ca0-bf8b-8c5582df0f26.jpg,1
434,7a2296ef-4c6e-4a3f-b744-2a57d5f26cee.jpg,1
435,7a3fa209-53ea-4d49-ab8f-4b01cf57373a.jpg,1
436,7a45e8e3-bf51-4715-af7a-b3dbf1ee8921.jpg,1
437,7a5bad3c-aaab-4c7f-9315-e97fbecf96c2.jpg,1
438,7ad4f9a8-c3e1-42a8-9f03-26466d5db0bb.jpg,1
439,7b06fd2b-c078-41fa-880c-a20a1f000268.jpg,1
440,7b1bf877-709d-4282-ae2c-bf86f6dba1e7.jpg,1
441,7bf0043e-86de-4ba2-b10d-aac46545ab07.jpg,1
442,7c04ce6a-45a3-4ce3-822c-cb394b634f18.jpg,1
443,7c461d4a-4cf9-45ba-93c4-759059be64ef.jpg,1
444,7c6caa2d-4b63-4bb0-bbea-e586b7f98d41.jpg,1
445,7c7395ef-8874-47da-b919-f9d1b0954ead.jpg,1
446,7c73e3aa-23d0-413e-9fb3-0695c32c0536.jpg,1
447,7d199cdb-5deb-49c6-9210-1873898fc29a.jpg,1
448,7d84b460-3e5a-4dfa-bbb8-72b9efd00941.jpg,1
449,7e0575df-2eac-4889-8546-031fc808edaf.jpg,1
450,7e8ab445-5708-4d94-a6eb-75c848accfee.jpg,1
451,7f2be3ca-960b-4ee2-8524-6027954804fe.jpg,1
452,7f4774d3-d3ac-425c-8bf7-791b5054a228.jpg,1
453,7f53f464-d388-4516-9a62-fb3047a78cc6.jpg,1
454,7fb11f72-cc34-412c-9655-5c10a777d169.jpg,1
455,7fffd2d2-ece2-45e9-aca4-cdb069ce17db.jpg,1
456,802d0392-862a-47fc-bc9c-553b01db1d37.jpg,1
457,802e641b-6db0-4ce5-8e6f-776ce2282fa2.jpg,1
458,8061f492-edff-458e-8337-ee1dae0b798b.jpg,1
459,8080c59a-bf17-4e72-85e8-1518c2b8f640.jpg,1
460,80e16d21-649b-4f87-a457-0aaf3720b1db.jpg,1
461,815357ba-7dcf-456f-9632-a7f7114bc326.jpg,1
462,81733213-c548-4ff4-84af-e0a68679c478.jpg,1
463,81d39774-a673-4b01-8bb6-24b1f6398f88.jpg,1
464,829cd125-6ea1-4e90-887c-12554af4624a.jpg,1
465,82ae51e5-a8a2-4f83-97ad-5f3fcd87a244.jpg,1
466,82c128dd-73ad-4319-892c-1858c3860400.jpg,1
467,8326a6d0-7694-4aec-b1f1-bb522bf58cfa.jpg,1
468,833e2417-7048-40dd-b253-3d95ec67a4eb.jpg,1
469,836f641e-f243-4850-a72f-8587434e6679.jpg,1
470,8399d6b3-5e7b-4b72-a9d3-c83f6d01c88d.jpg,1
471,848be9e5-1a44-42a6-97a3-20fd65bde7ff.jpg,1
472,8511c407-9db7-4fba-bb94-2ca27aa9ddde.jpg,1
473,8523d42c-7c52-4eee-bf12-d5091f165a7c.jpg,1
474,852e8d0e-dff1-48fd-bdac-f1f6f6ab5bbd.jpg,1
475,860d9449-e091-4fb7-b780-325ecd80627e.jpg,1
476,873d3bd1-1ce4-4f3b-bde0-36a8bb6bdeee.jpg,1
477,8744c860-4ad5-4b19-84a8-0020ea4accd1.jpg,1
478,87ba4890-b15a-4e79-a2ee-cc7a541e61f0.jpg,1
479,88171339-a03b-4609-b9da-0ceeee7d4de3.jpg,1
480,882af59d-09ef-4b97-9f43-8351f4132a97.jpg,1
481,882fe678-413d-4301-a980-9fe1acd966d3.jpg,1
482,8887a748-3eca-4275-a922-1dd0f493d950.jpg,1
483,895c9ea5-58aa-4434-9a5c-753add299093.jpg,1
484,898b6e96-42db-4959-98e6-65f665a765a5.jpg,1
485,89c5abff-0b7f-4d0b-bdee-fe642dc51f66.jpg,1
486,89f90d37-429a-4667-a3ff-1ad5f3b107db.jpg,1
487,8a2f2ae5-7864-47fd-acef-3de096e334a4.jpg,1
488,8a5eb5d4-09b6-472e-97f5-5273cb7c49b0.jpg,1
489,8a724048-3813-4145-b239-722b062c36c5.jpg,1
490,8aee8b52-58c5-456a-a269-d44c67f1a985.jpg,1
491,8b54292b-2b72-4464-9c72-b4ad2308dfe6.jpg,1
492,8b6bbe9f-eaff-44f8-98ef-c227d650500e.jpg,1
493,8b705ef1-0000-4213-b9c2-70a5be230f6c.jpg,1
494,8b8513b5-f675-4e26-a11a-89da270b73a8.jpg,1
495,8bd91588-7325-4849-b550-c106f88772e4.jpg,1
496,8c59c29a-ddf7-4bff-96b7-165a2fe383ed.jpg,1
497,8c6053d0-cd64-4fd4-8d25-2b466b678ad9.jpg,1
498,8d0ab148-dca8-4c7d-bb66-3521eb796c77.jpg,1
499,8d0e45b6-b3c8-4575-a423-878d3c0bbad5.jpg,1
500,8d2d6368-11ba-4161-b01e-8acb1d1d06c2.jpg,1
501,8d31fbe2-8b88-4618-b4c6-f80810a51543.jpg,1
502,8d538eef-c90a-4f5f-8920-2afe2621c40e.jpg,1
503,8d6ad2f3-8303-4c3d-90fe-8c79baba25c7.jpg,1
504,8d9ef7e1-a8b4-4297-920e-937c6e6f8f8d.jpg,1
505,8e7633e9-9fd8-4d29-89c2-6fb9f9539dee.jpg,1
506,8f38addb-de85-422d-8c50-8647ede544b5.jpg,1
507,905e6d5d-7789-4532-95e2-e973d9968712.jpg,1
508,90a4a4e7-46fc-437e-b5c9-01bf8099bfdc.jpg,1
509,90ab9a3a-f7ba-4556-8e07-aeb8cd4fd444.jpg,1
510,90c22c54-1f0f-4650-a4fc-896b97343c92.jpg,1
511,91964c43-a341-488e-a2e8-f8c059a35f47.jpg,1
512,91d7a3e2-e396-43d8-b567-c7193319a1da.jpg,1
513,923d20e7-17f0-491e-ac5d-4698acdca5d3.jpg,1
514,92503c55-d0a9-4123-9037-9ea9b7e9b573.jpg,1
515,925ae35b-aeab-4789-9dc1-726a12b61786.jpg,1
516,92d42e54-ec3a-4dec-a6f6-3c8e1ed23cb2.jpg,1
517,931cd486-1348-41e0-87bf-c00a6fc0f4f6.jpg,1
518,93936e8f-9113-417a-aa86-b6ee190477f0.jpg,1
519,93ab46e7-8e74-4ac1-8016-7956fe0c8627.jpg,1
520,93ba8206-d42c-401b-941b-74117c9be6dc.jpg,1
521,93c6106b-ee4f-4ec6-a970-78892dd6feea.jpg,1
522,93ed21a6-4757-4da4-99d5-ffb4d9e606a3.jpg,1
523,946ae3a4-6513-47b2-9742-ff28d38b542c.jpg,1
524,947914d9-8bed-4765-86ec-c577a272bb40.jpg,1
525,9489af18-0953-47c1-9616-87932f465d24.jpg,1
526,94a9cdd5-6ab0-4ee3-a68c-b2631d1a8496.jpg,1
527,94be523f-c6af-4508-aaeb-9f71bc920f78.jpg,1
528,94c15167-d22f-4f88-896b-f385fd85fd27.jpg,1
529,9524a5a1-55a9-40a6-8e28-d7d6d03be44f.jpg,1
530,954b6498-83cd-46f6-af9e-d04338d8a99d.jpg,1
531,955ff342-b3d1-4d3d-acde-5cffd2c232bd.jpg,1
532,9669a4cf-5438-4e3e-87b6-5116158be098.jpg,1
533,967e1362-bd99-46ee-a985-894b2b3582d0.jpg,1
534,96a1d957-0d5a-4246-a54a-25061b062add.jpg,1
535,96ab283d-fc69-4879-9f95-87357436fa34.jpg,1
536,972783aa-5458-4d8b-aeee-4f51425e744c.jpg,1
537,9756f925-acdc-4e7a-bb0b-f78cca1c195d.jpg,1
538,97898ed1-3d19-4b6c-80a3-b02c2e620223.jpg,1
539,986d7ea6-dcb9-41a0-a9f5-0f245c8b1a4d.jpg,1
540,98885bac-68a7-425a-a4bf-987ec4e0d545.jpg,1
541,98a93999-04b8-464f-80eb-3a1395a11fb9.jpg,1
542,98cdb2a3-ab51-40dc-9c84-96bef40d9782.jpg,1
543,9907094c-3b26-4090-a1af-83321814a363.jpg,1
544,99b8afdb-65d9-4722-a8d5-622ed9e780ac.jpg,1
545,9a9cf3a5-5e41-405e-8523-5014183f44af.jpg,1
546,9b50ea49-d3b4-4308-86b8-42cd28a4b542.jpg,1
547,9b5ef91b-5a64-44f6-ba1a-33440909d40e.jpg,1
548,9ba371fd-0367-4ba2-ada7-30947050ad2e.jpg,1
549,9c078d46-fff5-4323-8a02-485ea754faa5.jpg,1
550,9c1eda38-2fdf-4fd1-9b49-b292525cb73c.jpg,1
551,9c45bf7d-b354-4954-b634-f85afdba69f9.jpg,1
552,9c61e8ac-87d1-4d78-8673-04f9e933238a.jpg,1
553,9d29b063-d290-4374-a6ec-51ead1e4867e.jpg,1
554,9d92e653-acbd-48e0-82aa-4d6e805f64db.jpg,1
555,9dcab90e-83b7-4377-a6c3-b6fd1c2cb8fc.jpg,1
556,9dd00740-5017-49f0-a297-669a096c43a4.jpg,1
557,9e2f23d8-7385-4aad-85d8-57fb1ea6aad2.jpg,1
558,9e79c20a-b10f-48fd-9c58-da2b6b35da6c.jpg,1
559,9eda2eaf-300d-46e0-bcd9-fc2102f76481.jpg,1
560,9eef1ef1-2218-46dc-a107-eda70709dd87.jpg,1
561,9f448d03-c948-4391-92f5-a20c91eb7fd9.jpg,1
562,a027d32b-a695-44e7-946d-4a77e1242df1.jpg,1
563,a058d7f2-413b-4bc4-8c79-472e0d206d09.jpg,1
564,a075e536-7167-48eb-a80a-3cfcd19c1def.jpg,1
565,a07dc8dc-d12a-409d-bf07-4319ff44b22e.jpg,1
566,a0bf3319-a331-4a5d-9d19-fdac99b77af7.jpg,1
567,a1bc0b01-f91c-42a1-8329-f89a4ef0fe1a.jpg,1
568,a1ec6d54-d65d-4d68-9963-d9ed0b823250.jpg,1
569,a1ed939c-ff6f-4830-b507-d5d724f048da.jpg,1
570,a210ebe2-cab0-455b-917b-40eea769b080.jpg,1
571,a25ab4a8-f468-43b9-9b54-81f44ff38f94.jpg,1
572,a2d6223e-b4a5-452d-af15-8afec7bd1aa9.jpg,1
573,a34b1c2b-1c96-4ca7-bf78-d8ba461c480e.jpg,1
574,a36cadef-7a74-4e6b-82ae-6764eb7c8aa2.jpg,1
575,a3aa758c-cefd-4c76-a68e-70984e63d76d.jpg,1
576,a3b4abd4-c2c7-4a1b-817d-27747313d994.jpg,1
577,a3d9ef3f-9cf8-4a07-ab2c-b4bca3712b4f.jpg,1
578,a3da5a08-aa00-46fe-8b0b-d4afd7c85720.jpg,1
579,a4026b6b-8d57-437f-9b70-dc050dd623c7.jpg,1
580,a4246ed0-44d4-4dfe-a436-aa59e5e8a238.jpg,1
581,a450ed08-0d86-4428-b9a5-3123015212ee.jpg,1
582,a46e2c40-deaa-4bd7-bcf0-46765c2a1cd8.jpg,1
583,a4b928c3-8cff-4114-b881-d327f2ffb712.jpg,1
584,a4c8e3fe-785b-4440-a82a-ce0fb97e78fc.jpg,1
585,a5559fe0-8e58-47da-9cba-6c783abf570c.jpg,1
586,a566b7f1-e482-4310-a453-ec87eb43b2ae.jpg,1
587,a5780a0a-f742-4bd6-a57c-ff00c8eab9d5.jpg,1
588,a5791ee8-43bf-4282-9fbd-081ca216602e.jpg,1
589,a5f50e06-5658-4149-9fa7-e7ee4bac0894.jpg,1
590,a7bdff32-72b2-447e-b9e9-86d5e648558f.jpg,1
591,a7ea0935-bc81-4f55-a708-afe7d4ff7860.jpg,1
592,a82fefa5-972d-413e-94ad-4a527c6c7d4f.jpg,1
593,a8325919-49c3-479f-8370-f69671fc90eb.jpg,1
594,a893988f-f539-4736-97d5-d10846347412.jpg,1
595,ab053115-b60d-4e92-a56a-60ab117d7c00.jpg,1
596,ab50344d-2d68-4c07-9f1e-4736633f9a7e.jpg,1
597,aba9f5c0-004f-4e18-b5e3-3459de449007.jpg,1
598,ac1f225a-ec5f-4538-8c04-b663eefa5cb6.jpg,1
599,ac5a5e1e-e21a-45a0-a9e4-5b515da5f07b.jpg,1
600,acda8c88-4997-4f45-8dea-8e542c6abf5b.jpg,1
601,ad3badd3-af65-4192-8b98-c0b716d88eea.jpg,1
602,ad4e8f17-72b5-4c6b-b34c-3d992317f713.jpg,1
603,ad6d22e1-a275-4bd7-bdcd-69e7a47e3da0.jpg,1
604,ad6e4aca-689d-44db-9007-b3788bde4c15.jpg,1
605,add3ba11-f74b-43e2-8228-70d5672a6146.jpg,1
606,ae3b47b3-d898-4207-be2f-df02aa5d2107.jpg,1
607,ae3d1780-bdfd-4e15-8140-7e6f50aa4ba7.jpg,1
608,ae4096db-139f-4b01-8bec-8e5592452eea.jpg,1
609,ae65b398-e6e2-4bf7-b6b0-c7fcba22ed8c.jpg,1
610,aea1c17c-fc99-43b9-aee3-f7cdedf1a2d6.jpg,1
611,aedaeb4f-a7a7-4a46-8924-3e38c59b2470.jpg,1
612,af6f182a-8371-460e-9f69-55695c5b0010.jpg,1
613,af8131ec-01c7-47ee-b6f0-bb9367e77894.jpg,1
614,afdb6790-f8db-4f3b-83b7-9b625abcb33c.jpg,1
615,b182c289-aa0a-4443-9d62-7e5bbf53a097.jpg,1
616,b1df025b-6a44-4559-86f4-74f0e7d917c1.jpg,1
617,b1e7c636-be35-4127-bb87-bad0ef5711f5.jpg,1
618,b2370023-cece-433a-930e-d2444e3239e5.jpg,1
619,b29e7fc6-8cee-4bf8-8529-d354e99c0d98.jpg,1
620,b2c32e8c-a8ba-4ddd-b58b-dade6b57dd6e.jpg,1
621,b2e131bd-7b94-4016-b10f-5f4e9699c408.jpg,1
622,b3868784-998e-4ca6-a86f-d2f5615cc336.jpg,1
623,b39fa3b8-f7ef-414d-9d54-da9a103a83b5.jpg,1
624,b401fa87-c3dd-451a-8883-b21165a3533a.jpg,1
625,b414653b-ebf4-4e09-8b74-e9bd9c97e498.jpg,1
626,b421b05a-f694-440f-8d0b-97ac86302f49.jpg,1
627,b4ebbd8e-4601-4b77-808d-1e8af7ca52ff.jpg,1
628,b523f6d5-bed7-45c9-8459-513ee91e0b00.jpg,1
629,b535a476-3dd9-4dbc-aceb-81f74e05957b.jpg,1
630,b537b06a-cce8-49be-8257-77bc347e3142.jpg,1
631,b54b9bb7-6bff-4991-bc8a-909f59924e79.jpg,1
632,b56c3006-ec55-4407-b05c-04491335aa6d.jpg,1
633,b5c45d6f-f6ae-41ea-ac97-acfff7508c77.jpg,1
634,b5d41c6c-8892-4d68-b204-8ec187e34dff.jpg,1
635,b61c17a2-9b61-43dd-813f-acb81979f08b.jpg,1
636,b6779dc0-c347-4f2f-b92f-b7b1e6541ac1.jpg,1
637,b6995d63-0776-4a76-9ca0-a1246be74d8c.jpg,1
638,b6b26886-311e-4d78-a9db-09e0b2455236.jpg,1
639,b6df5d52-7a56-4960-9594-cbbe6787c9de.jpg,1
640,b6eb4055-59d2-4320-9327-16e74273d034.jpg,1
641,b70741d5-8cd6-4f0e-9d2b-21c3f848f7e0.jpg,1
642,b72ebc11-42d7-4ad9-a12d-a2b444fd8220.jpg,1
643,b74cd622-5c91-4b17-b079-267835fbcf0e.jpg,1
644,b776fbea-bb9d-4306-ba8b-614bf0f52257.jpg,1
645,b7bb5cf1-4cfb-4f8a-a2a1-ff77efb6c0e4.jpg,1
646,b7cf0aab-952d-410a-8b2d-796e4bf01a0d.jpg,1
647,b80ed948-3f33-4597-9632-4eab3c7ba4e7.jpg,1
648,b88250f5-8f18-4c93-91f6-ac817c0ec1f3.jpg,1
649,b88afcde-1c97-48d9-85dd-573f078de46c.jpg,1
650,b971466b-949f-40d7-97ad-642c31b1f31d.jpg,1
651,b9c82bff-eab7-4095-a960-34c1f273c41c.jpg,1
652,b9d208e9-43b1-4505-a854-5a996abc574f.jpg,1
653,ba880924-b99e-48bc-a062-c18a9874c345.jpg,1
654,ba8bc6a4-cef5-4666-bf54-b6ed33154c95.jpg,1
655,baca226c-e366-46ea-a91b-b9c255aa148b.jpg,1
656,bb4a40ed-068d-4ffa-99f8-e932950e76b8.jpg,1
657,bc5f6ca2-a615-4a02-86a4-14ea182a7e8b.jpg,1
658,bcb27f16-bcbb-44c2-a8f2-649e25330a77.jpg,1
659,bcb7ee89-614d-4451-b89c-24fb1148ec28.jpg,1
660,bd079a4f-85a1-4d29-8739-86f1bf6bb81a.jpg,1
661,bd09566a-a3e2-44cb-bae9-7cb09c1af834.jpg,1
662,bd57f3dc-c375-4a2b-967b-d810042d7d3d.jpg,1
663,bd7e3950-583e-413f-a950-d7a4a650949c.jpg,1
664,bd9e4861-a3ae-441b-bd24-5682c14defeb.jpg,1
665,bda79d32-e7c4-4810-ac65-814d104b59ae.jpg,1
666,bdb36178-7fa6-42f8-827a-77aef7f9901c.jpg,1
667,be02290a-4665-4169-9d8a-3a105ce20ba1.jpg,1
668,be203a35-ccc9-41e6-888b-e943f3271571.jpg,1
669,be973de0-9108-432d-9548-1f5d919141a4.jpg,1
670,beb6fef9-22b5-4c7c-8c7d-00fcd28b7b6b.jpg,1
671,bf5db43a-f216-4e02-a1b7-6965bc3e55ee.jpg,1
672,c0ffadd3-9176-40c5-86ac-8b96eb853541.jpg,1
673,c13b4dfd-b376-4bb6-9327-7dfd37241434.jpg,1
674,c16ff76a-4b8c-40d3-b696-ae6bd5c5018a.jpg,1
675,c1e76c9d-4f6f-4ed7-992b-8b6f6d8199b8.jpg,1
676,c20cbb36-399a-4e99-9a78-9e22596a2bf9.jpg,1
677,c235cdcf-df01-4913-b1dc-541905847f21.jpg,1
678,c25a6cd0-c2be-411b-819a-d274276190d8.jpg,1
679,c27987b7-3d75-4ce3-95f5-355a70a332b6.jpg,1
680,c2e1dbd7-8f91-42d1-bf89-2e770648e9f1.jpg,1
681,c318184c-5414-455a-a4b3-2b186b05f846.jpg,1
682,c3235943-8e2b-4746-9dc6-b5564e70a1fb.jpg,1
683,c338764c-57e0-44c9-b78b-af44e301d587.jpg,1
684,c3af58a4-884a-45e5-a20c-ea9ab352bfde.jpg,1
685,c3c79972-ff75-4522-b4e3-ec69cdc830fb.jpg,1
686,c430ec18-cd9c-4e19-a57e-5e93c2b8ab78.jpg,1
687,c4962663-d9fc-4ea5-a057-4cd178a9b39c.jpg,1
688,c554e8a6-3f00-4202-a70b-060c6c545daa.jpg,1
689,c5624aa4-36d3-436c-a78d-ab4fc0d09870.jpg,1
690,c5ac3ca7-1c0f-4fd8-b921-bddfe9a7bea0.jpg,1
691,c5fab049-d45f-4ef4-8e08-68749554c7c1.jpg,1
692,c5ffebd0-50ce-44a3-ab14-9ce3da53a776.jpg,1
693,c607fbea-7e3e-4fcb-826c-be42be905594.jpg,1
694,c72400b9-62d9-424c-b561-65345a515e21.jpg,1
695,c73fccef-ca23-4ea4-9b97-a6abcc751d26.jpg,1
696,c7eb4caa-2d5c-4293-81f9-f9aaec91fe0a.jpg,1
697,c8470147-119c-4c11-98ce-5257bc3728d5.jpg,1
698,c8c697e5-2168-421d-a3e3-f1d518c6bd9f.jpg,1
699,c912b6ca-9c67-4e7f-a6e5-28a488ddbb3b.jpg,1
700,c92b6eb8-1960-4075-bd75-56d89293bd25.jpg,1
701,c92ca97f-871f-4098-b604-9e6977eaf5ac.jpg,1
702,c95ca1ad-3ffe-4dd1-a1f4-4cae77f82742.jpg,1
703,c966cd1f-42b3-40f2-b007-89e6d1176340.jpg,1
704,c97cc63f-84cd-4ce8-a422-b01190685b3f.jpg,1
705,c993d5c1-ae30-4ebb-ad18-347fbb1580cf.jpg,1
706,c9eaf539-8b0f-4037-a4e2-5cea763859f9.jpg,1
707,ca73f67e-06e8-404a-8773-149d62d4b3b8.jpg,1
708,caa4b9d2-60a0-471a-a40b-b18034949834.jpg,1
709,cac91c64-7d10-4741-acdd-9f84fbf1c74c.jpg,1
710,cb637adc-a280-43be-88ee-89ae9d3db74d.jpg,1
711,cb829286-0a7f-4893-a24d-6087f619eeea.jpg,1
712,cbd04e89-8662-4c8c-9be5-94da4519c568.jpg,1
713,cbd1f477-ebb8-4e03-be11-1546820adb17.jpg,1
714,cc12a08f-b80a-4741-a4a7-7ef078537daf.jpg,1
715,cca1279f-3c43-4043-bd5e-f23ebeb1ed33.jpg,1
716,ccb55eaf-6a45-436d-892c-65c1d7de89b0.jpg,1
717,ccca5e73-8232-4c2d-a88b-35bb48a22b22.jpg,1
718,cccd4a96-f8d2-4f99-beff-741e090ab9b6.jpg,1
719,cce9e492-53b1-4b7b-81f1-c46f7947b1f0.jpg,1
720,cd18e134-234c-428b-88a3-f9565a532e56.jpg,1
721,cd40a7f5-cf14-4a65-8b92-7be29e734482.jpg,1
722,cd8859e4-feb9-4d88-9b30-6e901efd28bf.jpg,1
723,cd959568-7a66-4716-8dde-71896f1638bb.jpg,1
724,cd9b56a5-a14f-46d4-88b6-7e0a2500e96b.jpg,1
725,cda6dbda-c793-43af-80de-c922d14ec876.jpg,1
726,cdc4b06f-3ac3-4172-bf00-1ab0fa63ddae.jpg,1
727,cdce7b19-ecfd-48e1-bd80-484ca9d4aeef.jpg,1
728,ce05419a-83ef-49df-aca0-71c1defaa0bc.jpg,1
729,ce0a6fcc-89ea-4e78-ae84-a99e9c0fc69e.jpg,1
730,ce35c170-dfc6-4428-99c3-f7b8bf13ca24.jpg,1
731,ce4acda2-81ba-4425-942e-ede8183d7cc9.jpg,1
732,ce6a2873-0cf0-4f7f-9a02-311ddd3cb31a.jpg,1
733,ce9d5a86-8b2f-4cf8-beb7-9950564c6479.jpg,1
734,ceddee37-498a-408d-a2d2-9ed16340d6f2.jpg,1
735,cef2dbf5-0ba5-4143-829f-ae91d0c94a56.jpg,1
736,cef3e79a-9170-4563-a42e-0d6c8f4a6fb5.jpg,1
737,cf4cc675-c20e-48b3-a96e-9c8d1d94ec59.jpg,1
738,d068a000-99eb-40af-8688-53d28a287aae.jpg,1
739,d06f2aed-fdb3-4921-9d42-8e45d4cce5e4.jpg,1
740,d0cea048-ed2f-44ac-b8ed-3f8e5a231d90.jpg,1
741,d177e5cb-e647-4d2f-9b99-8890d3f45e75.jpg,1
742,d257d8cb-5dfd-4455-8331-4588689d114f.jpg,1
743,d29c142d-f2c5-4927-9872-276de5419921.jpg,1
744,d2c3c9ee-a576-455b-8592-65fe2101398a.jpg,1
745,d2c64a74-c01e-4fb5-98b5-2801be4672ff.jpg,1
746,d364e626-a9db-4085-a24f-06c392711157.jpg,1
747,d3689aba-a8ae-4c79-983b-2026eddf7ae6.jpg,1
748,d369b198-9707-4875-970e-8132ff847a77.jpg,1
749,d38152cd-013b-4c17-8f8e-4eeea78b6326.jpg,1
750,d3ab4d44-4b61-4960-93cb-7d0bcf7c57be.jpg,1
751,d3d6f334-492e-4bc7-88bc-0db35f30d30d.jpg,1
752,d3de6ec8-5245-4615-bad3-e2889bcf8bca.jpg,1
753,d415d097-fbb0-4c35-9b85-8a0ff98682df.jpg,1
754,d44d40ae-8993-4aac-87c3-854cba43e44c.jpg,1
755,d568b4e8-e4ca-4d54-b865-45ffdb2d1232.jpg,1
756,d57e1bd5-9d07-4924-a612-0016ddd5c6b9.jpg,1
757,d5d55e85-8e3d-48a8-9381-17c80be5b19b.jpg,1
758,d5d94e02-8937-4076-9060-c844aad259bc.jpg,1
759,d63f997d-c210-40ca-89f1-014ebbed083e.jpg,1
760,d646b977-19be-4a53-8b8b-97307cee932a.jpg,1
761,d66c19bb-ff0d-42f1-870e-9635882156f8.jpg,1
762,d696d5a2-bbef-4223-a7cc-1a7a9b71188e.jpg,1
763,d69f871c-321b-41fd-998e-99c094ee6f43.jpg,1
764,d71edb39-a09a-4b54-9613-2a7623858d61.jpg,1
765,d77fb10b-ae8a-4e7e-ae27-86dc502aae6e.jpg,1
766,d78681ed-4f64-4658-b074-31d875a5dfc0.jpg,1
767,d8938573-60d0-4e05-af70-768f68c1a997.jpg,1
768,d8afb8a9-43a9-43b1-a7b8-2b934a9cf644.jpg,1
769,d8b1772a-4f4e-469a-b011-656405ba9d4a.jpg,1
770,d920bf58-45f7-4393-b41f-a4405d8f248a.jpg,1
771,da2bf95b-c6d8-476b-a6a1-c2cad891276b.jpg,1
772,da699398-1403-4232-ac4e-ab8a8514d036.jpg,1
773,da7e78b6-7145-47b1-b394-ad3b02649231.jpg,1
774,dae24bfe-5af7-4eb8-bc8a-1c3c833bb63a.jpg,1
775,db00a9a1-7ace-4673-91c9-cf1fc6f94b1e.jpg,1
776,db295ded-4d9b-4e9e-8da9-9a63894e3dbe.jpg,1
777,dc46d83c-494c-41cb-91bf-b4b2bca4008c.jpg,1
778,dc563646-33b0-4f21-aa28-7483c753636c.jpg,1
779,dc59c670-29d9-4158-b264-b0f74d9c55f2.jpg,1
780,dc6805ac-6007-44ac-8d0e-b6283289612d.jpg,1
781,dd17eb90-96f3-49d0-82d7-c246d51e9366.jpg,1
782,dd2b8b69-d20a-49b2-8780-76385de02090.jpg,1
783,dd72264a-36ce-4b98-bde6-e5c959a3b37d.jpg,1
784,dd75aa0f-d60d-4714-8308-e9d0899d2a02.jpg,1
785,dd873098-9308-4c64-82d8-4bce6460b337.jpg,1
786,dda7cc82-0817-4f97-bf23-ef8baa561d69.jpg,1
787,ddab5c04-98ee-494c-8b46-435397017393.jpg,1
788,ddae10b6-fd3c-431a-9934-84b6bcd21e69.jpg,1
789,de1952ce-6120-4d5c-8d4c-254598bd056a.jpg,1
790,de2251d3-2159-4843-9951-342d312b80bf.jpg,1
791,df234a47-a6db-415c-82c5-9a39790c2d83.jpg,1
792,df431484-1ae4-46ea-b058-78c53c8ed56f.jpg,1
793,df83891b-eac9-4cd3-a3db-5c39e131de89.jpg,1
794,dfb86ac2-989d-411a-894a-aceea4b655ca.jpg,1
795,e01f6fc1-d4d9-4db2-86d8-42580b79eb2c.jpg,1
796,e02d1e68-e68f-4cb1-96a6-560d78c4d440.jpg,1
797,e08d6504-b9b6-4dd1-98d9-0672205693f6.jpg,1
798,e0cdd644-b238-4fda-838e-9c67a28561fd.jpg,1
799,e0d2c90c-841d-414c-bcc7-b4e7369040f4.jpg,1
800,e0d479fc-5dd0-4ee5-b7cc-920a8e8c1d94.jpg,1
801,e0eb5f39-e2d0-4d7d-8f72-df48606762c8.jpg,1
802,e12c4547-93ae-4304-864c-f108b753aca6.jpg,1
803,e1734487-4d39-4f9d-9ac7-be237fb74e3a.jpg,1
804,e1815dba-a49d-4d7e-9062-4a89ecdc1d8e.jpg,1
805,e192e75e-3ff7-49a2-8b9d-7c9a0969c125.jpg,1
806,e1f82966-6583-4796-bf08-64b36da80819.jpg,1
807,e2347be4-1455-4383-aff7-cd4c0659efb2.jpg,1
808,e282b2e2-e247-417d-bf95-70942abad229.jpg,1
809,e2ec7b69-7d7d-450c-82dd-f43843ba94de.jpg,1
810,e3ab1f6e-b7bf-4473-a142-ae8bb9a560ac.jpg,1
811,e3e9342b-e902-4fb8-b75d-0aa2837f3e21.jpg,1
812,e401a9aa-f814-49fd-b4c8-26446b6b19a4.jpg,1
813,e4594ed0-95a7-4b7c-be55-1535f5570437.jpg,1
814,e4f79643-f64e-48eb-ba85-a876ca190360.jpg,1
815,e5356a59-6061-49b5-8a58-7453ea3d16e5.jpg,1
816,e57c8e5e-c8a7-431c-86a1-ae37717c2cb6.jpg,1
817,e5a19ab7-290e-48b5-9c01-2d7fe8f30f4f.jpg,1
818,e5a86d86-8f78-4aff-8de9-db451e3211d8.jpg,1
819,e6c206d0-62d0-41d0-9bb3-f3762835fb32.jpg,1
820,e6d3d147-a8aa-4496-9490-cdfe834fd6d3.jpg,1
821,e7007459-19a0-48e9-946d-2c287fcc5fed.jpg,1
822,e76701f8-793c-42c7-ab22-8b9d6f5932a8.jpg,1
823,e77b57f2-2b5d-41ea-af2f-dda1e58a6097.jpg,1
824,e798c1f0-dba0-4b24-9772-b4f762110e7a.jpg,1
825,e7a86f3b-78a8-4afb-add8-1a00d74502b9.jpg,1
826,e7e2a040-7bf7-4709-9abc-51c2c9eaecd3.jpg,1
827,e827e2e1-74a5-4efb-be48-881350de0a59.jpg,1
828,e82a3f42-e47d-46b8-9f3b-06e8d2b563f2.jpg,1
829,e84cf6cd-693a-4b14-9c1c-4c45d6dbc672.jpg,1
830,e854de8c-d88e-4ed6-a59b-e29c5c1c7ac6.jpg,1
831,e8f5eb11-7a9f-4dc0-aaf6-097f19360245.jpg,1
832,e9102719-a06f-4f27-9e91-723385e419a0.jpg,1
833,e92fdcda-40e8-4f75-ab53-8441590891e7.jpg,1
834,e949e6e2-7517-44fe-807b-a61ad8e55f1e.jpg,1
835,e95cd427-fde1-4e47-9849-51a38d945519.jpg,1
836,e989255f-c138-458f-a4c9-8afcb44cb081.jpg,1
837,e9923767-49e7-4c18-8d07-31eff4225f2d.jpg,1
838,e9a2df68-bcd2-4bb8-854c-8853e8d99e67.jpg,1
839,ea6f4c6e-25b0-4610-be82-f44fe20dff4c.jpg,1
840,ea7ca19c-3267-4b31-a831-3aac38002244.jpg,1
841,ea846dd9-c75b-49b8-82aa-c3463ba26828.jpg,1
842,ea8bd408-76aa-4afd-abc6-e2ba90572c9b.jpg,1
843,eb14d148-49ff-490a-bc27-eca28be25eec.jpg,1
844,eb92b04b-6a42-4294-8de0-2ab2dcad8e71.jpg,1
845,eb9830c2-ff67-45fb-8616-12bfa500557f.jpg,1
846,ebb1821a-2845-4a6e-a43c-118f7b42f362.jpg,1
847,ebd2c1b8-5075-4aac-a97e-7c09f73db8a6.jpg,1
848,ec94329b-0737-4c64-aaf3-cb0eb955d380.jpg,1
849,ecbf10c8-107e-438d-8d9e-97d8d04af3be.jpg,1
850,ecc3006f-1b37-4809-beaa-fbb60d8c049a.jpg,1
851,ecfc8821-d83d-4a1f-bf05-5a8136dbda9d.jpg,1
852,ed89ff75-d2c1-4447-b3b2-ef36961455b1.jpg,1
853,edb9b5f4-b007-4fa9-898d-6dfd72d75673.jpg,1
854,eed694c3-a97a-4bec-807d-4f6003da891b.jpg,1
855,ef0ac239-b022-49cf-a8c0-0d3c19ee1f7a.jpg,1
856,ef26d732-8f04-431e-b3d7-186ac453b12d.jpg,1
857,ef371c54-2f6f-4136-9ccc-2ab8e2f5f891.jpg,1
858,ef764cfe-c31e-422e-9b32-29e498cab0ce.jpg,1
859,efd61b83-69f1-476c-9c92-3361671ae4a2.jpg,1
860,efe55b5f-41a9-4f44-b686-d48613122142.jpg,1
861,effb2294-78dc-451b-a34e-50e960de10a5.jpg,1
862,f051e8de-8031-4cc3-b1ec-584e6a2018bc.jpg,1
863,f0a67d17-450f-4da1-b8c8-c05bf8f06af5.jpg,1
864,f0b78954-7db0-4d71-bb80-78368a9ed671.jpg,1
865,f0eb3a97-5435-4342-a76c-3588befec9d9.jpg,1
866,f0efadfd-efe9-4388-bb38-1a7b5afeb27f.jpg,1
867,f138a4c4-a0c8-4daa-bc91-f3afee0d69b4.jpg,1
868,f1e99c2e-7a4f-47c2-9759-4b1fad3ef711.jpg,1
869,f2553090-305a-4159-a300-4d16a508aabd.jpg,1
870,f2fa77b4-3a48-4476-a173-4398bd6ef23e.jpg,1
871,f33a077a-2986-48bb-b260-31aa0272be60.jpg,1
872,f352b6cb-c8cc-4ce0-81ff-681349ae480f.jpg,1
873,f3641512-d678-4351-8cd0-86a7807248e8.jpg,1
874,f3ad12ca-befd-4187-86f3-e8458828ba13.jpg,1
875,f3c38400-7e00-438b-af6b-5b94b05fd9a4.jpg,1
876,f3ee8ee5-3acc-4d86-a3cd-9fde22b13956.jpg,1
877,f3fb72cb-c278-4e9f-a7b1-1c154599480d.jpg,1
878,f41afa73-209a-4238-8d71-f53090085061.jpg,1
879,f46a1b0e-a027-4585-bab2-2c11fb8e23d2.jpg,1
880,f49feb93-121d-4580-8fa2-9fc18e61758f.jpg,1
881,f52c1bef-1851-4960-aa91-310a10beacb0.jpg,1
882,f52ca18e-688e-453e-af88-a48580dbcba8.jpg,1
883,f5c11ba9-5bf2-47fb-9574-b370bc86a21e.jpg,1
884,f5f0fe4c-cb53-49e8-8d6d-c8179fed6499.jpg,1
885,f60c679a-cb42-4e47-8df5-a0975bc886c1.jpg,1
886,f6e7e1f0-130c-42b5-976c-af23ce75ea53.jpg,1
887,f6fedc05-77db-492a-a073-c5ad8610e708.jpg,1
888,f7076dbe-8f15-4e05-b605-67114dce417a.jpg,1
889,f7772f42-0778-4f72-8719-1ea208bf453c.jpg,1
890,f7814816-25ec-4c8d-88e7-8a8e2abeb9f4.jpg,1
891,f7b194f4-5f87-408d-9cab-3d3d21219bfe.jpg,1
892,f7dbbfd3-a339-4fab-a92c-14bc3e3f6320.jpg,1
893,f7e9f696-3456-4442-8d52-b32f8b3711ab.jpg,1
894,f89c2635-3fac-4e94-b8ae-163fb3478e63.jpg,1
895,f8db656f-6754-467f-ba93-094960b4597d.jpg,1
896,f90e6f2d-3589-4bcf-920c-7c9b93229972.jpg,1
897,f9211cde-363d-4348-8099-d1ec67c1a071.jpg,1
898,f9bfb536-3ede-44c4-943a-360d3c8cf6c3.jpg,1
899,fa660490-8847-45f9-a8e9-8afff9bdb252.jpg,1
900,fa74fd55-9cb2-42f5-8825-b25f33b89623.jpg,1
901,fbb1e130-42b5-42b4-8da4-2bc18d147d48.jpg,1
902,fbb62913-f248-45b7-adc4-6c7dd7a1ff2a.jpg,1
903,fbe3fde8-21eb-4c25-b60a-4ed62dbdafa0.jpg,1
904,fbf2a638-68be-40cf-9521-c2d819bdfe54.jpg,1
905,fbf3efe7-d702-41b0-ab96-20e191754d27.jpg,1
906,fbff58c5-25bc-4341-998a-11a26b7bb68e.jpg,1
907,fc13734c-9e29-4f8c-b407-145d30aad103.jpg,1
908,fceef82f-6f1b-4070-8f4c-2a8636c33ce3.jpg,1
909,fd218a43-3cd5-43da-aa94-2142d72198d7.jpg,1
910,fdc91a08-7f04-46ea-91c3-8d600fb62dad.jpg,1
911,fe22f12b-1b42-4c8e-b2fb-6af3990e5820.jpg,1
912,fe712fa5-a692-4102-a484-7390b292b382.jpg,1
913,fe7e6bfa-ce4a-4a52-8e55-8620e73ae9c0.jpg,1
914,fea10ce3-ee7e-4ea8-aa37-552fd7c9c860.jpg,1
915,febc6f9a-0701-42c8-8399-396d744b1076.jpg,1
916,fee31446-9171-4a70-b551-bc9cfb3876e3.jpg,1
917,feff2257-eedd-4009-a530-0e927548e706.jpg,1
918,ff1cf795-752a-42d9-bfda-a1321f848582.jpg,1
919,ffaa2c60-8117-4832-8850-4d1dfd46e18a.jpg,1
